,Compound,Negative,Neutral,Positive,Time Stamp,Tweet,Tweet_Ago,User
0,0.0,0.0,1.0,0.0,03-24-2018 05:18:00,French police 'hero' dies of wounds https://t.co/YSbuGpp1Ak,0,@BBCWorld
1,-0.4939,0.286,0.714,0.0,03-23-2018 16:14:43,Car bomb targets spectators at Afghanistan wrestling match https://t.co/rFwp2eal80,1,@BBCWorld
2,0.0,0.0,1.0,0.0,03-23-2018 03:49:46,"RT @BBCNewsAsia: South Korea has some of the longest working hours in the world.

So the local government in Seoul is introducing a new ini‚Ä¶",2,@BBCWorld
3,0.0,0.0,1.0,0.0,03-22-2018 19:15:59,Kenya payout for mother made to deliver on hospital floor https://t.co/PkFKaUlP46,3,@BBCWorld
4,-0.1531,0.167,0.833,0.0,03-22-2018 13:37:10,Miss Venezuela to close temporarily over corruption claims https://t.co/eMOQoeDbtc,4,@BBCWorld
5,0.7506,0.0,0.766,0.234,03-22-2018 05:58:17,RT @SallyBundockBBC: This is the maths teacher who became an online star - Eddie Woo. Did you have an inspirational teacher at school? Comm‚Ä¶,5,@BBCWorld
6,-0.6486,0.261,0.739,0.0,03-21-2018 18:46:52,"RT @BBCBreaking: Peru's President Pedro Pablo Kuczynski is to resign amid vote-buying scandal, government sources say https://t.co/E9UntpLq‚Ä¶",6,@BBCWorld
7,0.0,0.0,1.0,0.0,03-21-2018 10:16:54,Pope Francis to visit Ireland in August https://t.co/WuL0Ti0A6K,7,@BBCWorld
8,0.0,0.0,1.0,0.0,03-21-2018 01:53:53,Eastern Ghouta: A mother's diary of life under siege https://t.co/qmX7wPGAai,8,@BBCWorld
9,0.0,0.0,1.0,0.0,03-20-2018 17:33:39,Russia election: Trump congratulates Putin over victory https://t.co/nhamwsDDsJ,9,@BBCWorld
10,-0.34,0.202,0.674,0.124,03-20-2018 11:30:39,"The world's last surviving male northern white rhino has died in Kenya ü¶è

https://t.co/8W5O168OAj https://t.co/4x2wlElttz",10,@BBCWorld
11,0.0,0.0,1.0,0.0,03-20-2018 01:39:49,President Trump bans deals in Venezuela's crypto-currency https://t.co/vGOCUI9C7B,11,@BBCWorld
12,0.5859,0.105,0.6,0.295,03-19-2018 16:23:29,"""Russia's response has demonstrated a disregard for international peace and security"" - @NATO Secretary General Jen‚Ä¶ https://t.co/3bAP1pQ3qx",12,@BBCWorld
13,-0.8126,0.425,0.575,0.0,03-19-2018 07:56:14,"Video console death: US boy, 9, 'kills sister, 13, over controller' https://t.co/kMfhpCHtcu",13,@BBCWorld
14,-0.5994,0.358,0.642,0.0,03-18-2018 16:29:48,Mariam Moustafa death: Rome prosecutor opens investigation https://t.co/nZH844Myuv,14,@BBCWorld
15,-0.296,0.196,0.804,0.0,03-17-2018 20:23:05,Trump campaign data firm accused of harvesting Facebook data https://t.co/ahk5s9yfqG,15,@BBCWorld
16,-0.7717,0.251,0.749,0.0,03-17-2018 08:53:54,"RT @BBCEngland: Stephen Hawking's PhD thesis has been viewed 250,000 times online since news of his death broke on Wednesday, the Universit‚Ä¶",16,@BBCWorld
17,0.0,0.0,1.0,0.0,03-16-2018 18:05:22,"Have smaller weddings with less food, Uzbeks told https://t.co/h8DCeSDasL",17,@BBCWorld
18,0.128,0.185,0.596,0.219,03-16-2018 11:52:25,South African taxi team offers free rides to struggling elderly https://t.co/AUtp4JYxeC,18,@BBCWorld
19,0.0,0.0,1.0,0.0,03-16-2018 01:34:04,Africa's week in pictures: 9-15 March 2018 https://t.co/XfKNyfhgAj,19,@BBCWorld
20,0.0,0.0,1.0,0.0,03-15-2018 18:36:04,South Africa: Danish 'FGM' man gets life in jail https://t.co/1b07z79N5x,20,@BBCWorld
21,0.3182,0.0,0.723,0.277,03-15-2018 13:00:33,'Elsa' from Frozen rescues police van https://t.co/HDNKRDyuPz,21,@BBCWorld
22,0.0,0.0,1.0,0.0,03-15-2018 07:28:39,Review as plastic found in bottled water https://t.co/t5IWuOb0KW,22,@BBCWorld
23,0.4215,0.0,0.811,0.189,03-15-2018 00:49:13,From Syria to safety in Pakistan: 'We left children in Eastern Ghouta' https://t.co/IUMgdbiFA7,23,@BBCWorld
24,-0.8074,0.51,0.49,0.0,03-14-2018 17:15:11,"Bolivia police storm notorious jail, killing six inmates https://t.co/bqdQYrz2i5",24,@BBCWorld
25,0.0,0.0,1.0,0.0,03-14-2018 10:28:37,Sierra Leone election: Julius Maada Bio beats Samura Kamara in first round https://t.co/x0k10ukyst,25,@BBCWorld
26,0.0,0.0,1.0,0.0,03-14-2018 02:51:14,Test election held for Pennsylvania seat https://t.co/UN2e2KYUgQ,26,@BBCWorld
27,-0.5574,0.205,0.795,0.0,03-13-2018 19:47:23,"RT @BBCNorthAmerica: ‚ö°Ô∏è ‚ÄúHow it happened: Rex Tillerson fired by Donald Trump‚Äù by @BBCNorthAmerica

https://t.co/qoxclg2hDS",27,@BBCWorld
28,-0.34,0.103,0.897,0.0,03-13-2018 16:06:37,"RT @BBCSport: ""My only aim was to protect.""

PAOK Salonika's president has explained why he invaded the pitch with a gun.

Read: https://t.‚Ä¶",28,@BBCWorld
29,-0.5994,0.262,0.738,0.0,03-13-2018 11:57:48,Dozens of students die as bus falls off cliff in Ethiopia https://t.co/FQRfHshpC1,29,@BBCWorld
30,0.0,0.0,1.0,0.0,03-13-2018 00:48:40,Vladimir Putin: What does the world think of Russia's president? https://t.co/M8NBcC94qf,30,@BBCWorld
31,-0.4939,0.132,0.868,0.0,03-12-2018 17:24:08,"RT @BBCBreaking: Former Russian spy &amp; his daughter poisoned in Salisbury by ""military grade nerve agent of a type developed by Russia"" - UK‚Ä¶",31,@BBCWorld
32,-0.3182,0.187,0.813,0.0,03-12-2018 10:37:34,Muscle loss in old age linked to fewer nerve signals https://t.co/Tz9gMF5VlY,32,@BBCWorld
33,0.0,0.0,1.0,0.0,03-12-2018 04:21:20,Thousands of farmers march to Mumbai https://t.co/38S1OCeRZe,33,@BBCWorld
34,0.3612,0.0,0.889,0.111,03-11-2018 12:30:36,"RT @BBCKarishma: ""The packed out rally looked and felt like the start of the presidential campaign....Trump announced that his 2020 re-elec‚Ä¶",34,@BBCWorld
35,-0.34,0.231,0.769,0.0,03-10-2018 16:08:39,Mount Shinmoedake: Warning over Japan's James Bond volcano https://t.co/2ujbRh7XEC,35,@BBCWorld
36,-0.5423,0.304,0.696,0.0,03-10-2018 05:43:40,California veterans' home becomes site of fatal shooting https://t.co/6bRwNYBrIz,36,@BBCWorld
37,0.0,0.0,1.0,0.0,03-09-2018 14:39:37,"Pitches, puns and parodies for Obamas for Netflix show https://t.co/mkqulg4hr8",37,@BBCWorld
38,0.2415,0.088,0.781,0.13,03-09-2018 07:19:21,"RT @BBCSport: Billie Jean King has said men should not play five-set matches at  Grand Slams.

Full storyüëá
https://t.co/4jeP2GsT6f https://‚Ä¶",38,@BBCWorld
39,-0.296,0.196,0.804,0.0,03-08-2018 22:32:31,California 14-year-old boy accused of posing as sheriff's deputy https://t.co/VvAxtuNTm9,39,@BBCWorld
40,-0.25,0.2,0.8,0.0,03-08-2018 14:11:26,Poland's Andrzej Duda remembers Jews expelled in 1968 https://t.co/stkAj350GX,40,@BBCWorld
41,0.6249,0.0,0.823,0.177,03-08-2018 08:37:51,"RT @SallyBundockBBC: #BBCBizLive is marking #IWD2018 with great guests and a female entrepreneur who makes ""foldable shoes"". Plus we are as‚Ä¶",41,@BBCWorld
42,0.0,0.0,1.0,0.0,03-08-2018 01:41:06,"RT @BBCNewsAsia: The Sri Lankan government says more troops have been deployed to the central district of Kandy, to try to end days of viol‚Ä¶",42,@BBCWorld
43,0.0,0.0,1.0,0.0,03-07-2018 13:35:46,Sergei Skripal and the 14 deaths under scrutiny https://t.co/KQKWhnZxYo,43,@BBCWorld
44,-0.5423,0.364,0.465,0.171,03-07-2018 04:53:14,US man admits murder of Indian migrant https://t.co/oYu9X8nMKY,44,@BBCWorld
45,0.0,0.0,1.0,0.0,03-06-2018 22:02:59,Trump tariffs: President says EU making business 'impossible' https://t.co/dt5xukZ1b7,45,@BBCWorld
46,0.3818,0.0,0.816,0.184,03-06-2018 14:58:12,"RT @BBC_HaveYourSay: RuPaul called the trans community ‚Äúheroes of our shared LGBTQ movement‚Äù in his apology üè≥Ô∏è‚Äçüåà

https://t.co/do7V7kTGUQ",46,@BBCWorld
47,0.0,0.0,1.0,0.0,03-06-2018 08:49:06,The story of women's football in 10 objects https://t.co/lgTnzIASOH,47,@BBCWorld
48,0.0,0.0,1.0,0.0,03-06-2018 00:59:31,WeChat hits one billion monthly users - are you one of them? https://t.co/Qlygr0ZZNN,48,@BBCWorld
49,0.4588,0.0,0.786,0.214,03-05-2018 16:24:14,Oscars 2018: Four things to take away from this year's awards https://t.co/zrAqXIJCpk,49,@BBCWorld
50,0.0,0.0,1.0,0.0,03-05-2018 10:40:32,Oscars 2018: Why is everyone talking about this outfit? https://t.co/WRk14BAtkC,50,@BBCWorld
51,0.836,0.0,0.669,0.331,03-05-2018 04:15:24,"RT @BBCBreaking: #Oscars 

Guillermo Del Toro wins Best Director for The Shape of Water

Live #Oscars2018 coverage: https://t.co/dlCCu0XrFs‚Ä¶",51,@BBCWorld
52,0.0,0.0,1.0,0.0,03-05-2018 01:35:29,Notre-Dame: Cracks in the cathedral https://t.co/mrzZEpv7np,52,@BBCWorld
53,0.4588,0.0,0.875,0.125,03-04-2018 15:48:47,"What can we expect from the 90th Academy Awards? A lot has changed since last year. 

Here are eight reasons why th‚Ä¶ https://t.co/nDFmeKOnUY",53,@BBCWorld
54,0.0,0.0,1.0,0.0,03-04-2018 00:53:57,'Two sessions' https://t.co/J8MxzH9Bpe,54,@BBCWorld
55,-0.7964,0.504,0.496,0.0,03-03-2018 12:03:07,Slovakia journalist murder: Seven suspects released by police https://t.co/3DNjgtht5h,55,@BBCWorld
56,-0.6249,0.313,0.687,0.0,03-03-2018 00:24:43,Venezuelan cash crisis: Where a coffee costs wads of banknotes https://t.co/1b1vvcEjBo,56,@BBCWorld
57,-0.3818,0.245,0.755,0.0,03-02-2018 11:26:44,Ireland shut as severe weather continues in Europe https://t.co/hcJ1kJg3MP,57,@BBCWorld
58,0.0258,0.0,0.901,0.099,03-02-2018 01:28:08,Italy general election vote: Who's who and why it matters https://t.co/loOpD7oSaa,58,@BBCWorld
59,0.3612,0.0,0.894,0.106,03-01-2018 17:42:19,"RT @BBCBreaking: President Trump to sign off on steep tariffs on steel and aluminium imports next week, hitting producers like China https:‚Ä¶",59,@BBCWorld
60,0.2023,0.0,0.816,0.184,03-01-2018 11:53:13,Tarantulas: Canada becomes top exporter of Mexican pet https://t.co/1iabjwPr5D,60,@BBCWorld
61,-0.5106,0.417,0.583,0.0,03-01-2018 00:53:18,Fight or flight - would you confront a gunman? https://t.co/x1wS7qFl3b,61,@BBCWorld
62,0.0,0.0,1.0,0.0,02-28-2018 17:10:09,Oakland Mayor Libby Schaaf defends immigration raid tip-off https://t.co/1AcwGHPfcR,62,@BBCWorld
63,0.0,0.0,1.0,0.0,02-28-2018 11:54:55,EU suggests 'common area' across Northern Ireland border https://t.co/Hw8dzqdDK0,63,@BBCWorld
64,-0.3818,0.245,0.755,0.0,02-28-2018 05:36:32,Venezuela opposition expels Henri Falc√≥n over poll decision https://t.co/DI5lbFaKCs,64,@BBCWorld
65,0.0,0.0,1.0,0.0,02-27-2018 23:43:20,Police dog catches carjacker after wild chase in LA https://t.co/lQZ4XO2UHS,65,@BBCWorld
66,-0.4404,0.206,0.794,0.0,02-27-2018 15:57:14,"RT @BBCNews: ‚ùÑÔ∏è Snow and freezing temperatures are causing disruption across the UK ‚ùÑÔ∏è 

https://t.co/QlqfKpTjNl #beastfromtheeast https://‚Ä¶",66,@BBCWorld
67,0.0,0.0,1.0,0.0,02-27-2018 07:49:11,"RT @BBCBenThompson: On the show today, we'll have latest on #Comcast bid for #Sky but we're also asking whether social media ads reel you i‚Ä¶",67,@BBCWorld
68,0.0,0.0,1.0,0.0,02-26-2018 23:06:52,Inside an IDF counter-terror training exercise https://t.co/4j5QH6fbwV,68,@BBCWorld
69,-0.4788,0.209,0.712,0.079,02-26-2018 14:56:04,"""Being blind cannot stop you from being successful."" 

When Ronald Dlamini lost his sight it ended his MMA sporting‚Ä¶ https://t.co/FjKXR6hWhW",69,@BBCWorld
70,0.0,0.0,1.0,0.0,02-26-2018 08:00:36,RT @SallyBundockBBC: Smartphone sales are in decline. In #BBCBizLive we'll have the latest from @ruskin147 who is at the #MobileWorldCongre‚Ä¶,70,@BBCWorld
71,-0.6124,0.357,0.643,0.0,02-25-2018 21:05:31,Turkish women sentenced to death in Iraq for IS links https://t.co/LUxz777FNd,71,@BBCWorld
72,-0.8074,0.436,0.474,0.09,02-25-2018 02:22:34,Winter Olympics: IOC board recommends lifting Russia ban if no further doping violations https://t.co/r7RDwCyDDY,72,@BBCWorld
73,-0.9022,0.613,0.387,0.0,02-24-2018 14:10:36,Syria war: Air strikes in Eastern Ghouta 'kill 500' https://t.co/fh8pD0u6jZ,73,@BBCWorld
74,0.0,0.0,1.0,0.0,02-24-2018 00:15:36,Deaf Eritrean twins break barriers in fashion world https://t.co/SvoyppLVCB,74,@BBCWorld
75,-0.5719,0.171,0.829,0.0,02-23-2018 16:17:12,"""It's time to make our schools a much harder target for attackers"" - President Trump speaks about arming some teach‚Ä¶ https://t.co/VGTVOweafS",75,@BBCWorld
76,-0.8176,0.306,0.694,0.0,02-23-2018 13:11:12,RT @BBCSport: A police officer has died in Spain following violent clashes between Athletic Bilbao &amp; Spartak Moscow fans üëâ https://t.co/3DZ‚Ä¶,76,@BBCWorld
77,0.0,0.0,1.0,0.0,02-23-2018 02:51:38,Europa League: Police officer dies in clashes before Athletic Bilbao v Spartak Moscow https://t.co/SrQFkE8Mic,77,@BBCWorld
78,0.0,0.0,1.0,0.0,02-22-2018 16:24:17,Porn on computer: Court finds against French worker over privacy https://t.co/iNyCesPuSt,78,@BBCWorld
79,-0.4215,0.352,0.648,0.0,02-22-2018 12:30:37,'Weird world I was warned never to tell about' https://t.co/uatneORBkI,79,@BBCWorld
80,-0.8271,0.592,0.408,0.0,02-22-2018 06:49:50,"Fear war looms over Syria neighbours, Iran says https://t.co/dl2itNxWSq",80,@BBCWorld
81,0.2023,0.0,0.795,0.205,02-21-2018 22:06:00,Netanyahu aide 'agrees to turn state's witness' https://t.co/5HzoAKYF7g,81,@BBCWorld
82,-0.128,0.126,0.773,0.101,02-21-2018 14:28:56,"Billy Graham became a committed Christian at 16 and preached at his final revival meeting at 86 

Obituary:‚Ä¶ https://t.co/fkd2BynFEz",82,@BBCWorld
83,-0.34,0.231,0.769,0.0,02-21-2018 08:17:00,Florida shooting survivors rally for stricter gun controls https://t.co/NsXZu2m0T5,83,@BBCWorld
84,0.3818,0.0,0.885,0.115,02-20-2018 23:03:46,"Watch our stunning 360 degree video of the Nile, from the BBC‚Äôs first virtual reality documentary. For the full fil‚Ä¶ https://t.co/7YLQeczWJz",84,@BBCWorld
85,0.1243,0.139,0.694,0.167,02-20-2018 15:10:13,RT @bbcweather: Very cool caves from the land of ice and fire! LH https://t.co/aUdwYpaJaj,85,@BBCWorld
86,0.7351,0.0,0.677,0.323,02-20-2018 10:45:40,Winter Olympics: Canada's Tessa Virtue &amp; Scott Moir ice dance champions for second time https://t.co/9ZhbfxJxv4,86,@BBCWorld
87,0.0,0.0,1.0,0.0,02-20-2018 00:53:57,Jeffrey Kong: Singapore's Lego brick artist https://t.co/QDYzBPrQeb,87,@BBCWorld
88,0.658,0.0,0.813,0.187,02-19-2018 14:51:24,"RT @BBCSport: It's another gold for Norway! üá≥üá¥üèÖ

They win the men's team final in ski jumping!

https://t.co/Ruye08zH9R  
#bbcolympics
#Pye‚Ä¶",88,@BBCWorld
89,0.0,0.0,1.0,0.0,02-19-2018 10:37:07,"Wreckage of crashed Iran plane found, reports say https://t.co/FhsuR2slwV",89,@BBCWorld
90,-0.3818,0.245,0.755,0.0,02-19-2018 02:05:25,The lesbian pioneers who fooled Spain's Catholic Church https://t.co/yyI3mMiO4M,90,@BBCWorld
91,-0.25,0.2,0.8,0.0,02-18-2018 05:09:40,Israel rebukes Poland PM for 'Jewish perpetrators' remark https://t.co/ADJHV9NhoN,91,@BBCWorld
92,0.0,0.0,1.0,0.0,02-17-2018 13:46:59,Scots study uncovers trafficking routes for pangolin https://t.co/LeEkTbZ9He,92,@BBCWorld
93,0.6841,0.0,0.633,0.367,02-17-2018 01:16:19,Kosovo turns 10 but has little to celebrate https://t.co/gE7ZjO9WG3,93,@BBCWorld
94,-0.296,0.239,0.761,0.0,02-16-2018 17:10:47,Facebook told to stop tracking in Belgium https://t.co/VkRV3yvZGA,94,@BBCWorld
95,0.6114,0.0,0.556,0.444,02-16-2018 11:02:35,"Happy Chinese New Year! üêï

https://t.co/aIuH2u5VEK https://t.co/f6QN632whW",95,@BBCWorld
96,-0.4404,0.326,0.674,0.0,02-16-2018 01:09:48,Viewpoint: Chemical weapons ‚Äòthreat to West‚Äô https://t.co/eBfPXt776b,96,@BBCWorld
97,0.6369,0.0,0.819,0.181,02-15-2018 16:12:31,"He was ""one of the greatest people I knew"" - Broward County Sheriff Scott Israel pays tribute to coach Aaron Feis,‚Ä¶ https://t.co/zJ1CTTe7J7",97,@BBCWorld
98,0.4215,0.0,0.714,0.286,02-15-2018 10:59:51,Toddler rescued from metro tracks in Milan https://t.co/YAf5BIXzCk,98,@BBCWorld
99,0.0,0.0,1.0,0.0,02-15-2018 02:33:06,RT @BBCNewsAsia: Why the Jaws shark is not a 'man-eating monster' ü¶à https://t.co/PPFLQSvb04,99,@BBCWorld
100,0.0,0.0,1.0,0.0,03-24-2018 05:33:04,"After more than 150 whales were stranded on beach in Hamelin Bay in western Australia, only a few survive‚Ä¶ https://t.co/uX9veszQ2L",0,@CBSNews
101,-0.1655,0.076,0.924,0.0,03-24-2018 00:45:00,"Jamarion Styles lost his hands as an infant, but as he sinks 3-point shots on the basketball court, he tells‚Ä¶ https://t.co/HNN0aSK2qo",1,@CBSNews
102,0.0,0.0,1.0,0.0,03-23-2018 21:45:01,"Investigators are searching the London offices of Cambridge Analytica, the analytics firm at the center of the Face‚Ä¶ https://t.co/OfzMC3u9pm",2,@CBSNews
103,0.0,0.0,1.0,0.0,03-23-2018 17:02:27,"NEW: Pres. Trump expected to sign omnibus spending bill at 1 p.m. ET event, @MajorCBS confirms with congressional a‚Ä¶ https://t.co/TgMO0v87i2",3,@CBSNews
104,-0.6705,0.17,0.83,0.0,03-23-2018 12:48:08,Yves Lefebvre of the French police union tells the AP that the gunman shot and killed 1 person as he entered the su‚Ä¶ https://t.co/3PvBnovFGz,4,@CBSNews
105,0.3818,0.0,0.894,0.106,03-23-2018 11:00:01,"More than 150 whales are stranded in Hamelin Bay in western Australia, and only 15 of them were still alive on Frid‚Ä¶ https://t.co/zrM8I8il5F",5,@CBSNews
106,0.0,0.0,1.0,0.0,03-23-2018 07:03:04,Steve Bannon claims he didn't know about Facebook data mining https://t.co/xQlqojIaDL https://t.co/OMv63NGtAK,6,@CBSNews
107,-0.6461,0.201,0.799,0.0,03-23-2018 02:15:01,"""The bus was leaning little and that's when people started to really worry."" Terrified passengers onboard a Dallas-‚Ä¶ https://t.co/Z7RiRDZif7",7,@CBSNews
108,0.0,0.0,1.0,0.0,03-22-2018 22:26:23,"""Don't run for president."" President Trump gave some light-hearted advice he'd give his 25-year-old self during the‚Ä¶ https://t.co/HR8EQl1FPL",8,@CBSNews
109,-0.34,0.112,0.888,0.0,03-22-2018 18:00:01,"DEVELOPING: A large grass fire is burning homes and cars in Grady County, Oklahoma, which is just south of Oklahoma‚Ä¶ https://t.co/xuJ95c6FD0",9,@CBSNews
110,0.0,0.0,1.0,0.0,03-22-2018 15:43:09,WATCH LIVE: House Speaker Paul Ryan holds news conference as government spending bill deadline looms‚Ä¶ https://t.co/9Hel4JsrfJ,10,@CBSNews
111,0.0,0.0,1.0,0.0,03-22-2018 12:34:50,Here‚Äôs a look at some of this morning‚Äôs headlines on @CBSThisMorning: https://t.co/s4ur9hCrYK,11,@CBSNews
112,-0.128,0.073,0.927,0.0,03-22-2018 11:14:25,Tens of millions of people from Pennsylvania to Maine could face another tough commute Thursday as the fourth nor'e‚Ä¶ https://t.co/K7zV8qsF3S,12,@CBSNews
113,0.0,0.0,1.0,0.0,03-22-2018 09:02:05,"Controversy over new, lightly pot-infused soda, California Dreamin' https://t.co/eCBmOz7bFo https://t.co/qpOG5OlpRX",13,@CBSNews
114,-0.3818,0.224,0.776,0.0,03-22-2018 04:33:04,"U.S. trade rep: ""We are losing to China"" https://t.co/x6OTlr4gri https://t.co/5rS9tyUdBg",14,@CBSNews
115,-0.3612,0.122,0.878,0.0,03-22-2018 01:05:44,Mark Zuckerberg says not digging deeper into Cambridge Analytica is one of Facebook's biggest mistakes. He spoke to‚Ä¶ https://t.co/SY7otEg4fA,15,@CBSNews
116,0.0,0.0,1.0,0.0,03-21-2018 22:40:22,"""The storm system will continue to bring the [snow] bands into southern New England overnight and then wind down as‚Ä¶ https://t.co/8rqXbOS6aG",16,@CBSNews
117,-0.6808,0.173,0.827,0.0,03-21-2018 17:25:01,"Former VP Joe Biden tells rally that he would have ""beat the hell out"" of President Trump in high school for commen‚Ä¶ https://t.co/CF7WgaLfdK",17,@CBSNews
118,0.3612,0.0,0.872,0.128,03-21-2018 12:45:27,".@CBSThisMorning‚Äôs series, #AMorePerfectUnion, aims to show that what unites us as Americans is far greater than wh‚Ä¶ https://t.co/NgqbP6yRdm",18,@CBSNews
119,-0.25,0.095,0.905,0.0,03-21-2018 11:17:23,"RT @CBSThisMorning: The nor'easter is disrupting travel plans. 

üöâ Amtrak cancelled more than 80 trains and modified some routes along the‚Ä¶",19,@CBSNews
120,-0.6808,0.272,0.728,0.0,03-21-2018 09:48:03,Mom who killed kids hours after husband filed for divorce is sentenced to 120 years https://t.co/B79sAKxoW8 https://t.co/nN00ZkhHdB,20,@CBSNews
121,0.0,0.0,1.0,0.0,03-21-2018 05:33:03,Austin Police say donated military device injures man at Texas Goodwill store https://t.co/nLYGH3cSt7 https://t.co/5NHie9Rkes,21,@CBSNews
122,0.3818,0.0,0.89,0.11,03-21-2018 01:36:24,"""The thing we need to be concerned about is the motive is focused on the geographical area, and that's the biggest‚Ä¶ https://t.co/aOogz9vSHw",22,@CBSNews
123,-0.4215,0.123,0.877,0.0,03-20-2018 22:43:28,"RT @CBSEveningNews: Facebook is facing a federal investigation amid worries it may have mishandled data from more than 50M users

John Blac‚Ä¶",23,@CBSNews
124,-0.3182,0.126,0.874,0.0,03-20-2018 18:25:01,"Pres. Trump congratulates Vladimir Putin on victory in election fraught with ballot stuffing accusations; ""an Ameri‚Ä¶ https://t.co/CUQNIYe0wQ",24,@CBSNews
125,0.3612,0.0,0.894,0.106,03-20-2018 16:32:29,"""We all agree that all votes should have an audible paper trail. And in 2016, five states used only electronic mach‚Ä¶ https://t.co/60tI9I3gye",25,@CBSNews
126,0.6249,0.0,0.806,0.194,03-20-2018 13:16:05,"""We are closely monitoring the situation at Great Mills High School,"" @GovLarryHogan said in a tweet, adding Maryla‚Ä¶ https://t.co/9reSlDbSzU",26,@CBSNews
127,0.0,0.0,1.0,0.0,03-20-2018 11:54:58,Here‚Äôs a look at this morning‚Äôs other headlines on @CBSThisMorning https://t.co/X5K5K9aXYw,27,@CBSNews
128,0.0,0.0,1.0,0.0,03-20-2018 10:30:01,"AHEAD: @CBSThisMorning is on scene just outside of San Antonio, Texas, with the breaking news of a new package expl‚Ä¶ https://t.co/Hie2YiKZ5X",28,@CBSNews
129,0.0,0.0,1.0,0.0,03-20-2018 06:48:04,Jim Carrey slammed for painting believed to be Sarah Huckabee Sanders https://t.co/ur0VAJL7hl https://t.co/hVibm2AMg2,29,@CBSNews
130,0.0,0.0,1.0,0.0,03-20-2018 01:15:01,"Mississippi's governor signs the nation's tightest abortion restrictions into law, banning most abortions after 15‚Ä¶ https://t.co/sr7NE4pzXX",30,@CBSNews
131,0.0,0.0,1.0,0.0,03-19-2018 20:15:01,"""We're used to operating through different vehicles in the shadows, and I look forward to building a very long term‚Ä¶ https://t.co/k5g4P95rMl",31,@CBSNews
132,0.4168,0.0,0.834,0.166,03-19-2018 15:28:24,"""There were points in time where we had persons of interest...we have not identified a suspect or suspect at this t‚Ä¶ https://t.co/znytsbkw3Y",32,@CBSNews
133,-0.4019,0.114,0.886,0.0,03-19-2018 12:45:30,Two people have been injured in an explosion in Austin -- the fourth this month. Police believe this device may hav‚Ä¶ https://t.co/pvJqKpOab2,33,@CBSNews
134,0.0,0.0,1.0,0.0,03-19-2018 11:21:01,"As President Vladimir Putin sweeps Russian election for 4th term, what's next? https://t.co/5IwUkViTNp https://t.co/4lPowVKMN1",34,@CBSNews
135,0.4767,0.0,0.563,0.437,03-19-2018 09:03:03,Measuring animal intelligence https://t.co/9OdWwZnYKq https://t.co/QJCoRI5Eke,35,@CBSNews
136,0.0,0.0,1.0,0.0,03-19-2018 04:24:08,Facebook investigates employee's ties to Cambridge Analytica https://t.co/1olOed030j https://t.co/JyOIQU9kCb,36,@CBSNews
137,0.0,0.0,1.0,0.0,03-19-2018 01:00:01,"Russian Ambassador Anatoly Antonov vows retaliation after U.S. sanctions: ""If somebody sticks you, hits you, what w‚Ä¶ https://t.co/pe6MW59C3Q",37,@CBSNews
138,-0.5423,0.179,0.821,0.0,03-18-2018 19:45:02,The suspension raises troubling new questions about Facebook's role in targeting voters during the 2016 presidentia‚Ä¶ https://t.co/8kHaVkx9PC,38,@CBSNews
139,0.0,0.0,1.0,0.0,03-18-2018 15:40:01,In search of genius: What qualities make some minds rise above the rest? https://t.co/vEOgXD7Zzq https://t.co/00YGTFmReg,39,@CBSNews
140,0.0,0.0,1.0,0.0,03-18-2018 10:33:05,Graphic video made public from Pulse nightclub shooting at trial of gunman's widow https://t.co/iMguDl74Co https://t.co/ajnnUUwoHW,40,@CBSNews
141,0.6124,0.0,0.667,0.333,03-18-2018 06:18:06,Texas Tech recognizes outstanding show of sportsmanship https://t.co/CnzHJiSJXN https://t.co/RTJd2evHGb,41,@CBSNews
142,-0.5106,0.191,0.809,0.0,03-18-2018 02:48:04,Authorities euthanize turtle amid reports it was fed sick puppy in science class https://t.co/Ifllg2cStD https://t.co/dpPMpSKkgN,42,@CBSNews
143,0.0,0.0,1.0,0.0,03-17-2018 22:59:13,"You‚Äôll never believe what Steve Nichols told Peter Van Sant in his latest interview tonight, for #48hours‚Ä¶ https://t.co/dVocgGF4aM",43,@CBSNews
144,-0.5574,0.159,0.841,0.0,03-17-2018 18:00:33,"Former FBI Deputy Director Andrew McCabe, who briefly led the agency after Director James Comey was fired, claims h‚Ä¶ https://t.co/ZvrMah8hmW",44,@CBSNews
145,0.2023,0.0,0.833,0.167,03-17-2018 12:18:07,"Top Saudi official: Secretive corruption crackdown was ""efficient"" https://t.co/ojJdq8AeLr https://t.co/e08jUSjNXJ",45,@CBSNews
146,-0.296,0.18,0.82,0.0,03-17-2018 07:33:04,Kids accused of injecting dog with cocaine in Philadelphia https://t.co/rZRrAmIc1I https://t.co/v2IY5l6eBw,46,@CBSNews
147,-0.4939,0.186,0.814,0.0,03-17-2018 03:48:04,Miami bridge collapse: Tearful families wait as officials expect to find more bodies https://t.co/2SeBsykJUF https://t.co/CJsmslPVBZ,47,@CBSNews
148,-0.5478,0.218,0.701,0.08,03-16-2018 22:42:13,"""More than a year in office, more than 20 top aides [under Pres. Trump] have either resigned, been fired or reassig‚Ä¶ https://t.co/sMXu8pCsxg",48,@CBSNews
149,-0.3182,0.126,0.874,0.0,03-16-2018 17:36:15,"Canadians are confused about what President Trump says he told Prime Minister Justin Trudeau, report says‚Ä¶ https://t.co/A78NUwdEVL",49,@CBSNews
150,-0.8934,0.433,0.567,0.0,03-16-2018 13:43:38,"While international condemnation intensifying over the spy poisoning attack, Russia is gearing up for Sunday's pres‚Ä¶ https://t.co/dgnO8u1AV0",50,@CBSNews
151,-0.128,0.103,0.812,0.085,03-16-2018 11:28:36,"RT @CBSThisMorning: ""All we can do is promise a very thorough investigation, getting to the bottom of this and mourn those who we have lost‚Ä¶",51,@CBSNews
152,-0.7964,0.441,0.559,0.0,03-16-2018 09:54:04,Death toll raised to 6 in Fla. pedestrian bridge collapse https://t.co/MlXewpST9x https://t.co/TivjYgAPfw,52,@CBSNews
153,-0.2732,0.149,0.851,0.0,03-16-2018 06:03:04,Questions raised over construction of pedestrian bridge that collapsed at FIU https://t.co/fwIH71fnFb https://t.co/Sh9TMahQGw,53,@CBSNews
154,0.0,0.0,1.0,0.0,03-16-2018 01:12:35,"""After 12 years of marriage, we have decided to go our separate ways."" Donald Trump Jr. and his wife, Vanessa, are‚Ä¶ https://t.co/1q1BPnGCpS",54,@CBSNews
155,-0.25,0.1,0.9,0.0,03-15-2018 22:30:01,"In interview with The Hollywood Reporter, former ESPN president John Skipper says he resigned because someone he bo‚Ä¶ https://t.co/ZbBSL0tHtQ",55,@CBSNews
156,0.0,0.0,1.0,0.0,03-15-2018 19:24:01,"‚Äú[The bridge] opened just less than a week ago. 174 feet at its main span, 950 tons. We also learned from a press r‚Ä¶ https://t.co/I22lR8jZMn",56,@CBSNews
157,0.0,0.0,1.0,0.0,03-15-2018 16:19:45,WATCH: Irish Prime Minister Leo Varadkar speaks at St. Patrick's Day luncheon hosted by House Speaker Paul Ryan‚Ä¶ https://t.co/F0YNu7bsEy,57,@CBSNews
158,0.0,0.0,1.0,0.0,03-15-2018 12:43:20,RT @CBSThisMorning: Could you give up technology for a whole day?  https://t.co/KmanCOqnuf,58,@CBSNews
159,-0.2732,0.18,0.691,0.129,03-15-2018 11:34:30,A Texas district attorney is investigating the death of a puppy on a United Airlines flight as a possible criminal‚Ä¶ https://t.co/GSBqugj3kX,59,@CBSNews
160,-0.7579,0.349,0.651,0.0,03-15-2018 10:20:01,Is President Trump reluctant to blame Russia for attack on an ex-spy in the U.K.? https://t.co/nMVMNE4OCS https://t.co/JgndByz5ms,60,@CBSNews
161,0.0,0.0,1.0,0.0,03-15-2018 06:18:07,Ford recalls 1.4 million cars because of steering wheel https://t.co/vheTIJ2L3R https://t.co/pfccTfevfm,61,@CBSNews
162,-0.4588,0.155,0.776,0.069,03-15-2018 02:13:28,"UPDATE: Both aviators on fighter jet that crashed near naval base in Key West, Florida have died, according to‚Ä¶ https://t.co/fx4pzbEI7U",62,@CBSNews
163,-0.7579,0.245,0.755,0.0,03-14-2018 21:25:01,"The World Bank and the U.N. are sounding the alarm over a global water crisis, saying in a joint report that 40 per‚Ä¶ https://t.co/6DXnYBUG8t",63,@CBSNews
164,0.2263,0.0,0.881,0.119,03-14-2018 17:15:01,"$100,000 worth of jewelry found in nearly 10 tons of trash at a landfill https://t.co/sNUCxsw6UJ https://t.co/0LKzt4oLH6",64,@CBSNews
165,0.0,0.0,1.0,0.0,03-14-2018 14:20:18,"A crowd of students has been outside of the White House for more than an hour, @MajorCBS reports, but President Tru‚Ä¶ https://t.co/jNby0Mwhox",65,@CBSNews
166,-0.8316,0.355,0.645,0.0,03-14-2018 12:38:15,Wednesday's school walkout calls attention to the issue of gun violence. @CBSThisMorning is looking at how the safe‚Ä¶ https://t.co/jYvb4DeIPv,66,@CBSNews
167,-0.6369,0.244,0.649,0.107,03-14-2018 11:18:55,RT @CBSThisMorning: Fun fact: Stephen Hawking was born on the 300th anniversary of the death of Galileo and died on Albert Einstein's birth‚Ä¶,67,@CBSNews
168,0.0,0.0,1.0,0.0,03-14-2018 08:33:03,Rex Tillerson's ouster: How it unfolded https://t.co/6SSCHt9IMr https://t.co/SJ2NolgJXC,68,@CBSNews
169,0.6808,0.0,0.742,0.258,03-14-2018 04:00:05,"""This race is too close to call and we‚Äôre ready to ensure that every legal vote is counted,"" NRCC releases statemen‚Ä¶ https://t.co/Y5Jb9mXWIy",69,@CBSNews
170,0.0,0.0,1.0,0.0,03-14-2018 01:32:01,"The results in the #PA18 race are tightening, as Republican areas fill in and Saccone edges closer to Lamb. 

""It r‚Ä¶ https://t.co/j541wTvzZm",70,@CBSNews
171,0.0,0.0,1.0,0.0,03-13-2018 22:40:38,"Michael Morell, former deputy director of the CIA, discusses the president's choice, Gina Haspel, to lead the Centr‚Ä¶ https://t.co/tFBw68SkZM",71,@CBSNews
172,0.0,0.0,1.0,0.0,03-13-2018 19:40:01,More than six in 10 Americans are at least somewhat concerned about potential Russian interference in the 2018 elec‚Ä¶ https://t.co/W0JUbC9m8v,72,@CBSNews
173,-0.5574,0.159,0.841,0.0,03-13-2018 16:26:49,"President Trump's personal assistant, John McEntee, has been fired by the White House and now hired by Trump's re-e‚Ä¶ https://t.co/9H5Fc1F2rI",73,@CBSNews
174,0.5574,0.055,0.787,0.157,03-13-2018 13:17:01,"""The Secretary did not speak to the President and is unaware of the reason, but he is grateful for the opportunity‚Ä¶ https://t.co/eoU3qcOc2j",74,@CBSNews
175,0.0,0.0,1.0,0.0,03-13-2018 12:00:02,A junior high biology teacher in Idaho is under investigation after reportedly feeding a puppy to a snapping turtle‚Ä¶ https://t.co/BM5gu7yvOr,75,@CBSNews
176,-0.296,0.204,0.68,0.116,03-13-2018 10:27:42,"RT @CBSThisMorning: THIS MORNING:
üîú@LDamour explains why activism could be good for kids
üîú@mellodyhobson warns about new tax scam
üîú@Isikoff‚Ä¶",76,@CBSNews
177,0.6124,0.0,0.688,0.312,03-13-2018 06:44:04,U.S. defense chief: Taliban may be edging toward Afghan peace talks https://t.co/oCmBTvrrgp https://t.co/proDgscbzC,77,@CBSNews
178,-0.1027,0.146,0.728,0.126,03-13-2018 01:20:01,"In what appears to be a stunning and heartbreaking coincidence, another fertility clinic said Monday its equipment‚Ä¶ https://t.co/aCZ0K4Noul",78,@CBSNews
179,0.0516,0.098,0.794,0.107,03-12-2018 21:30:01,Black men reduced one of their biggest medical risks through a novel project: examining how a visit to the barbersh‚Ä¶ https://t.co/zBSZ0MdqKE,79,@CBSNews
180,-0.7964,0.283,0.717,0.0,03-12-2018 19:15:02,"Pilot tells police what caused crash that sent New York City helicopter plunging into East River, killing five pass‚Ä¶ https://t.co/C60MBUQ8BU",80,@CBSNews
181,0.4588,0.0,0.812,0.188,03-12-2018 16:35:02,Waffle House waitress gets $16K scholarship after act of kindness goes viral https://t.co/K8VVPig9E8 https://t.co/INj3zrpzMb,81,@CBSNews
182,0.3612,0.0,0.878,0.122,03-12-2018 12:37:48,"Dramatic video captured by a snowboarded, reveals what it's like to be swept up in an avalanche. The snowboarder's‚Ä¶ https://t.co/3e1MSQGSly",82,@CBSNews
183,0.0,0.0,1.0,0.0,03-12-2018 11:18:25,The third nor‚Äôeaster in two weeks is expected hit New England on Tuesday. @LonnieQuinnTV has the forecast‚Ä¶ https://t.co/k0wHSkkcui,83,@CBSNews
184,0.0,0.0,1.0,0.0,03-12-2018 08:33:04,"Jeff Sessions says prosecutors won't pursue ""small marijuana cases"" https://t.co/qXok74Zj0Q https://t.co/knhWR84cRr",84,@CBSNews
185,-0.3182,0.173,0.827,0.0,03-12-2018 04:03:04,"Dwyane Wade dedicates art exhibit to ""Parkland 17"" shooting victims https://t.co/yheL3iX2Kh https://t.co/r5nDsYk5Ny",85,@CBSNews
186,0.0,0.0,1.0,0.0,03-11-2018 22:55:01,"Coming up on #60Minutes, @LesleyRStahl reports on how some of the most cutting-edge biotechnology is happening in a‚Ä¶ https://t.co/W3wo3FRpq8",86,@CBSNews
187,0.0,0.0,1.0,0.0,03-11-2018 16:35:25,"CIA's Pompeo on North Korea talks: ""This administration has its eyes wide open"" (via @FaceTheNation)‚Ä¶ https://t.co/99ZiRNlFPR",87,@CBSNews
188,-0.2263,0.19,0.675,0.135,03-11-2018 10:48:04,Man arrested after Amber Alert leads to discovery of child's body https://t.co/vo0dwa9b3s https://t.co/w3qreuvfxw,88,@CBSNews
189,-0.296,0.29,0.538,0.172,03-11-2018 05:48:03,Hospital may lose Medicare contract after 5 newborns injured in intensive care https://t.co/7TzAAFKI6a https://t.co/2xymKZ6MPu,89,@CBSNews
190,-0.1695,0.122,0.878,0.0,03-11-2018 02:18:07,"Lisa Bonet says she's ""not surprised"" by allegations against Bill Cosby https://t.co/Qj59DYSkGD https://t.co/t5JGWFnEpU",90,@CBSNews
191,0.0,0.0,1.0,0.0,03-10-2018 22:20:39,‚ÄúThe explanation of a robbery -- from my perspective -- didn‚Äôt sound right.‚Äù https://t.co/V1qfGN1XLc https://t.co/69TnoiDNWf,91,@CBSNews
192,-0.4767,0.193,0.807,0.0,03-10-2018 15:40:01,Figure skating coach Richard Callaghan suspended for allegations of sexual misconduct from 1999:‚Ä¶ https://t.co/3yRWc4EVvt,92,@CBSNews
193,0.0,0.0,1.0,0.0,03-10-2018 10:48:04,Former Ohio candidate marred by traffic case will now judge other traffic cases https://t.co/Gz7ygiiPs8 https://t.co/IVM2qUs6rv,93,@CBSNews
194,-0.875,0.455,0.545,0.0,03-10-2018 05:48:03,"Woman who pleaded guilty in crash that killed man, unborn baby speaks out https://t.co/8HSoiwo9ab https://t.co/L4mbf4A1f2",94,@CBSNews
195,-0.5267,0.206,0.794,0.0,03-10-2018 01:20:01,"How ""Pharma Bro"" Martin Shkreli, sentenced Friday to seven years in prison, changed the conversation on drug prices‚Ä¶ https://t.co/Q7ZTX3fP0G",95,@CBSNews
196,-0.128,0.115,0.793,0.093,03-09-2018 21:20:01,"After shock Thursday night announcement that Pres. Trump has agreed to meet with Kim Jong Un, lawmakers on Capitol‚Ä¶ https://t.co/eWbwvnDLsf",96,@CBSNews
197,-0.6369,0.245,0.755,0.0,03-09-2018 18:00:02,The neighbor accused of attacking Sen. Rand Paul outside his Kentucky home is appearing in court Friday:‚Ä¶ https://t.co/kNMUhyXqUW,97,@CBSNews
198,0.0,0.0,1.0,0.0,03-09-2018 13:44:00,"NEW: The U.S. added 313,000 jobs in February, while the jobless rate held at 4.1%",98,@CBSNews
199,-0.0424,0.08,0.848,0.072,03-09-2018 12:23:46,"RT @CBSThisMorning: ""It is not without significant risk: Both men are unpredictable and have little diplomatic experience."" -- @FaceTheNati‚Ä¶",99,@CBSNews
200,-0.2732,0.084,0.916,0.0,03-24-2018 05:31:07,About half of all plants and animals in 35 of the world's most biodiverse places are at risk of extinction due to c‚Ä¶ https://t.co/0FtKh7imuD,0,@CNN
201,-0.2732,0.1,0.9,0.0,03-24-2018 02:30:18,The lawyer representing the porn star suing President Donald Trump called a tweet he posted of an apparent data dis‚Ä¶ https://t.co/Y8bkEh0OmG,1,@CNN
202,0.4019,0.0,0.821,0.179,03-24-2018 00:37:13,"‚ÄúStill trying to get back to normal, whatever that is.‚Äù Samantha Grady and Parkland survivors share exclusive video‚Ä¶ https://t.co/AFrFHftZcC",2,@CNN
203,0.4019,0.0,0.829,0.171,03-23-2018 22:41:07,‚ÄúChange is happening. I can see it on the horizon.‚Äù Alex Wind and fellow Parkland survivors share exclusive video d‚Ä¶ https://t.co/hQwUCCj8YG,3,@CNN
204,-0.802,0.275,0.725,0.0,03-23-2018 19:50:35,"At least 13 people were killed and 35 others were injured Friday night in a car bombing in southern Afghanistan, a‚Ä¶ https://t.co/8EZYFIRuUW",4,@CNN
205,-0.2263,0.119,0.881,0.0,03-23-2018 16:58:15,"""Sometimes I forget that we are the high schoolers here."" - Parkland student Cameron Kasky #ParklandDiaries‚Ä¶ https://t.co/48msWThvbS",5,@CNN
206,0.1027,0.089,0.804,0.107,03-23-2018 13:50:19,National security adviser H.R. McMaster has resigned and will be replaced by former US ambassador and Fox News anal‚Ä¶ https://t.co/xstExILyV1,6,@CNN
207,0.0,0.0,1.0,0.0,03-23-2018 10:48:40,"Ex-Playboy model Karen McDougal on her alleged affair with Trump:

‚Ä¢ Claims they were together ""many dozens of time‚Ä¶ https://t.co/LtlE5OxYH6",7,@CNN
208,0.0,0.0,1.0,0.0,03-23-2018 06:31:04,"When students of Marjory Stoneman Douglas return to class after spring break next week, they'll be required to carr‚Ä¶ https://t.co/S4LrToOGdK",8,@CNN
209,0.34,0.0,0.87,0.13,03-23-2018 02:31:02,"""Thursday's announcement about Fox commentator turned National Security Adviser John Bolton is just the latest exam‚Ä¶ https://t.co/WX2vNV3WqH",9,@CNN
210,0.2023,0.0,0.886,0.114,03-22-2018 23:51:06,"Chris Evans is probably done playing Captain America after the fourth ""Avengers"" movie https://t.co/RyPbPmxU53 https://t.co/sVFYdBITaK",10,@CNN
211,0.5106,0.0,0.852,0.148,03-22-2018 22:06:04,Nigerian President Muhammadu Buhari has vowed to free the only Dapchi schoolgirl believed to still be in Boko Haram‚Ä¶ https://t.co/6Eanm2ZsfR,11,@CNN
212,0.0,0.0,1.0,0.0,03-22-2018 20:31:37,"Asked what advice he would give to his 25-year-old self, President Trump had this to say: ""Don't run for president.‚Ä¶ https://t.co/fVJP2bDGRU",12,@CNN
213,0.5574,0.0,0.805,0.195,03-22-2018 17:50:09,"Taylor Swift has sold more than 2 million copies of ""Reputation"" -- making it the first album to accomplish that fe‚Ä¶ https://t.co/1nRUa7GjT1",13,@CNN
214,0.2755,0.0,0.905,0.095,03-22-2018 15:10:00,This robotic fish is designed to swim near real aquatic creatures and spy on them without raising suspicions or dis‚Ä¶ https://t.co/UJpoGwMajm,14,@CNN
215,0.6808,0.0,0.68,0.32,03-22-2018 12:49:23,Starbucks is launching a $10 million grant challenge to solicit designs for a cup that's easier to recycle‚Ä¶ https://t.co/aDzLNOZkuY,15,@CNN
216,0.5719,0.0,0.837,0.163,03-22-2018 09:39:51,"Facebook CEO Mark Zuckerberg says he is ""happy to"" testify before Congress ""if it's the right thing to do""‚Ä¶ https://t.co/0zTseHT5zA",16,@CNN
217,0.0,0.0,1.0,0.0,03-22-2018 05:31:06,"Barack and Michelle Obama penned a letter to the students of Parkland, Florida, telling them that their efforts in‚Ä¶ https://t.co/ul0x2CHNif",17,@CNN
218,0.3182,0.0,0.897,0.103,03-22-2018 01:47:36,"Facebook CEO Mark Zuckerberg says he is ""sure someone's trying"" to use Facebook to meddle with the US midterm elect‚Ä¶ https://t.co/CKJ2quQ60O",18,@CNN
219,0.6705,0.0,0.732,0.268,03-22-2018 00:05:05,President Trump's attorney plans to appeal a New York Supreme Court judge's decision to allow a defamation lawsuit‚Ä¶ https://t.co/FSDeQ9Elv0,19,@CNN
220,-0.7579,0.265,0.735,0.0,03-21-2018 22:38:14,"A test driver was behind the wheel of a self-driving Uber vehicle when it struck and killed a woman in Tempe, Arizo‚Ä¶ https://t.co/fQpOQCXFQ2",20,@CNN
221,-0.296,0.115,0.885,0.0,03-21-2018 20:39:23,"A costume department employee who worked on the now-canceled Fox series ""The Grinder"" has accused actor Fred Savage‚Ä¶ https://t.co/vmZrOSyZ4w",21,@CNN
222,0.0,0.0,1.0,0.0,03-21-2018 17:44:24,Two companies that provided hundreds of millions of dollars in loans to Jared Kushner's family's business are dispu‚Ä¶ https://t.co/ZZE7rdR6Lb,22,@CNN
223,-0.2755,0.123,0.877,0.0,03-21-2018 14:30:37,"Sen. Marco Rubio slams White House leaks: ""If you don't like the guy, quit"" https://t.co/6yMRO1snIS https://t.co/chXWHObrSs",23,@CNN
224,-0.3612,0.171,0.829,0.0,03-21-2018 11:07:46,"Republican Sen. Jeff Flake, an outspoken critic of President Trump, warns of impeachment if the President fires spe‚Ä¶ https://t.co/JLbLBtxPAK",24,@CNN
225,0.0,0.0,1.0,0.0,03-21-2018 08:18:07,The first polar bear cub to be born in the UK in a quarter of a century will take its first steps in public Wednesd‚Ä¶ https://t.co/9RPQEP8Zhe,25,@CNN
226,-0.5423,0.143,0.857,0.0,03-21-2018 05:31:06,Tens of millions of people in some of the world's poorest areas could be displaced by climate change in just a few‚Ä¶ https://t.co/A6pQCypa4j,26,@CNN
227,0.0,0.0,1.0,0.0,03-21-2018 02:36:04,Ohio might soon have an official state dog. 12 other states already do: https://t.co/NplMFp1JwG https://t.co/d8rmMibvDj,27,@CNN
228,0.2235,0.0,0.894,0.106,03-21-2018 00:13:17,US President Trump congratulated Russian President Vladimir Putin on his re-election despite the warnings from mult‚Ä¶ https://t.co/95jqmjFqpa,28,@CNN
229,0.0,0.0,1.0,0.0,03-20-2018 22:52:04,"There has been, on average, 1 school shooting every week this year https://t.co/W62G8EARHM https://t.co/y8sw1ljKWr",29,@CNN
230,0.7096,0.0,0.731,0.269,03-20-2018 21:20:45,Rep. Eric Swalwell on President Trump congratulating Vladimir Putin for winning the Russian election: It‚Äôs like con‚Ä¶ https://t.co/C5r2z0dwu1,30,@CNN
231,0.0,0.0,1.0,0.0,03-20-2018 19:23:46,"RT @CNNnewsroom: ""We're talking about someone that has experience with these devices, and has...maybe, a scientific mind"" - Former FBI Spec‚Ä¶",31,@CNN
232,0.5574,0.0,0.723,0.277,03-20-2018 17:50:06,Donald Trump is done playing nice with Bob Mueller | Analysis by @CillizzaCNN https://t.co/fWTuChI6rG https://t.co/jBQ2qUMvD1,32,@CNN
233,0.0,0.0,1.0,0.0,03-20-2018 15:18:24,"Police chief: A package exploded while traveling along an automated conveyor belt at the Schertz, Texas, FedEx faci‚Ä¶ https://t.co/MiztO7K2Tc",33,@CNN
234,-0.1027,0.14,0.736,0.124,03-20-2018 11:53:06,"The world's last male northern white rhino has died, leaving only two females left to save the subspecies from exti‚Ä¶ https://t.co/xDwFSk3ndr",34,@CNN
235,0.0,0.0,1.0,0.0,03-20-2018 06:44:27,Correction: This story has been updated to clarify that Sudan was a northern white rhino. https://t.co/sxb8eAeKcT https://t.co/3IAFpojlJK,35,@CNN
236,0.0,0.0,1.0,0.0,03-20-2018 03:59:53,"Ballerina Misty Copeland made history in 2015, becoming the first principal dancer for American Ballet Theatre. We‚Äô‚Ä¶ https://t.co/kuuodA3nas",36,@CNN
237,-0.7699,0.288,0.712,0.0,03-20-2018 01:41:06,The NTSB wants the FAA to ban commercial flights' use of harness systems that don't allow for easy release during e‚Ä¶ https://t.co/W2wiBEX3Vd,37,@CNN
238,-0.1548,0.172,0.72,0.108,03-19-2018 23:47:02,"RT @TheLeadCNN: The special counsel‚Äôs investigation is hardly a witch hunt. It has:
‚û°Ô∏è Yielded charges against 19 people and 3 companies, s‚Ä¶",38,@CNN
239,0.1761,0.128,0.717,0.155,03-19-2018 22:18:00,"RT @TheLeadCNN: Austin, Texas authorities say the 4th bomb that went off overnight is the most sophisticated yet https://t.co/uqdA06osou ht‚Ä¶",39,@CNN
240,0.0,0.0,1.0,0.0,03-19-2018 20:09:49,"RT @CNNnewsroom: ""Donald Trump's tweets contain multitudes and usually multitudes of things that aren't accurate"" - CNN's Chris Cillizza re‚Ä¶",40,@CNN
241,0.2263,0.0,0.905,0.095,03-19-2018 18:20:05,"Mark Zuckerberg's net worth dropped $5 billion following news that data firm Cambridge Analytica, which had ties to‚Ä¶ https://t.co/9AD7ms4uAi",41,@CNN
242,0.4019,0.0,0.881,0.119,03-19-2018 15:18:36,Austin Police Chief Brian Manley: ‚ÄúWe are clearly dealing with what we expect to be a serial bomber at this point‚Äù‚Ä¶ https://t.co/RcMekTIQzv,42,@CNN
243,0.1027,0.1,0.783,0.117,03-19-2018 13:05:12,Miami Heat star @DwyaneWade on his efforts to support Florida school shooting victims and survivors: ‚ÄúI do more tha‚Ä¶ https://t.co/IRUNOQh5MC,43,@CNN
244,0.0,0.0,1.0,0.0,03-19-2018 10:18:23,A helicopter carrying Ivanka Trump and Jared Kushner had to return to an airport in Washington on Thursday after on‚Ä¶ https://t.co/vPOMLCFXoN,44,@CNN
245,0.0,0.0,1.0,0.0,03-19-2018 06:11:01,A fourth winter storm in three weeks is expected to hit New England and the mid-Atlantic this week‚Ä¶ https://t.co/9AI72gQHsR,45,@CNN
246,-0.2023,0.096,0.904,0.0,03-19-2018 02:37:03,"Facebook is looking into ties between one of its current employees and Cambridge Analytica, the controversial data‚Ä¶ https://t.co/al9SJD85FR",46,@CNN
247,0.0,0.0,1.0,0.0,03-18-2018 23:30:17,University of Maryland-Baltimore County ‚Äî hoops' historic Cinderella ‚Äî is also scoring points on Twitter‚Ä¶ https://t.co/cWGobVvQKo,47,@CNN
248,0.0,0.0,1.0,0.0,03-18-2018 18:45:05,Inside the Democrats' efforts to elect more Conor Lambs https://t.co/YGvihZU8E5 https://t.co/r6opUgLzEy,48,@CNN
249,-0.2732,0.084,0.916,0.0,03-18-2018 14:30:12,About half of all plants and animals in 35 of the world's most biodiverse places are at risk of extinction due to c‚Ä¶ https://t.co/tV3TaO8g4i,49,@CNN
250,-0.6808,0.237,0.763,0.0,03-18-2018 08:00:12,Attorney General Jeff Sessions fired former FBI Deputy Director Andrew McCabe less than two days shy of McCabe's re‚Ä¶ https://t.co/K0ogALuajv,50,@CNN
251,-0.7845,0.372,0.628,0.0,03-18-2018 00:21:15,"At least 14 people were injured, two seriously, when a deck collapsed Saturday in Savannah, Georgia, the fire depar‚Ä¶ https://t.co/Q17hsgkkrG",51,@CNN
252,0.5574,0.0,0.69,0.31,03-17-2018 20:00:14,US Paralympian's remarkable journey from Ukraine orphanage https://t.co/cC0oAvuEgU https://t.co/cEI46sLghE,52,@CNN
253,-0.4404,0.172,0.828,0.0,03-17-2018 15:15:01,How Toys 'R' Us went from big kid on the block to bust https://t.co/XcnRNJMX9T https://t.co/IkUorzo91k,53,@CNN
254,-0.25,0.125,0.875,0.0,03-17-2018 08:01:03,"White supremacists are using banners to get their messages across, the ADL says https://t.co/pZA6tj3bnO https://t.co/Gtkmboz4C3",54,@CNN
255,0.296,0.102,0.748,0.15,03-17-2018 03:45:18,Did JFK win by losing in 1956? See how his DNC speech made him a star on #TheKennedys Sunday at 9p. https://t.co/Xo4AK8qk9v,55,@CNN
256,0.0,0.0,1.0,0.0,03-16-2018 23:58:45,"RT @OutFrontCNN: ""This is theatre ... it's not normal,"" says @AprilDRyan of President Trump's staff shake-up https://t.co/p3PGiOFOFT https:‚Ä¶",56,@CNN
257,0.0,0.0,1.0,0.0,03-16-2018 21:30:44,"The Vatican has removed Archbishop Anthony Apuron of Guam from office.

A news release did not specify exactly what‚Ä¶ https://t.co/9VrEgLAj8P",57,@CNN
258,-0.743,0.289,0.711,0.0,03-16-2018 19:31:27,This officer missed the Florida bridge collapse by seconds as she stopped at a red light. When she realized what ha‚Ä¶ https://t.co/Hulr6hhwUI,58,@CNN
259,0.6369,0.0,0.826,0.174,03-16-2018 17:10:12,"Bollywood star Irrfan Khan, best known in the US for roles in ""Life Of Pi,"" ""Slumdog Millionaire"" and ""The Amazing‚Ä¶ https://t.co/0ZpFYZp0Ph",59,@CNN
260,-0.6369,0.215,0.785,0.0,03-16-2018 14:23:45,"President Trump accused Japan of using a ""bowling ball test"" to cheat US auto companies out of selling cars to Japa‚Ä¶ https://t.co/g7fuNcbxuz",60,@CNN
261,-0.5267,0.152,0.848,0.0,03-16-2018 11:49:37,"Five women who say Bill Cosby sexually assaulted them will be allowed to testify in his retrial, a Pennsylvania jud‚Ä¶ https://t.co/AuUalSxiiD",61,@CNN
262,0.0,0.0,1.0,0.0,03-16-2018 08:24:42,"""As of tonight, we've been approached by six separate women with similar stories to my client,"" said Stormy Daniels‚Ä¶ https://t.co/KaP3DBjKX0",62,@CNN
263,0.015,0.142,0.712,0.146,03-16-2018 04:01:06,"No, Mr. President. The US doesn't have a trade deficit with Canada https://t.co/fxXwQ7ECNw https://t.co/LgtxS2KROI",63,@CNN
264,-0.25,0.213,0.656,0.131,03-16-2018 01:16:21,Trump friend Rob Astorino uses a 1978 baseball analogy to shrug off the staff shakeup in the President's administra‚Ä¶ https://t.co/VT6Bjw8xGi,64,@CNN
265,-0.4215,0.141,0.859,0.0,03-15-2018 23:16:02,"47 more individuals have become ill with salmonella linked to products containing the Southeast Asian plant kratom,‚Ä¶ https://t.co/PsK7qVp1Mx",65,@CNN
266,-0.3818,0.206,0.794,0.0,03-15-2018 21:57:07,"Drake and Ninja's ""Fortnite"" battle sets a new Twitch record https://t.co/T89O5W4Obh https://t.co/F8ZjgT6B4V",66,@CNN
267,-0.4939,0.186,0.814,0.0,03-15-2018 19:44:10,"Miami bridge collapse eyewitness Jonathan Munoz describes hearing a ""a large bang,"" and ""people screaming""‚Ä¶ https://t.co/yDznzUvJKu",67,@CNN
268,-0.296,0.151,0.755,0.094,03-15-2018 16:40:12,Wells Fargo's CEO got a 36% raise after one of the darkest years in the bank's history https://t.co/Anc77P87Md https://t.co/jubKTAzIc1,68,@CNN
269,0.0,0.0,1.0,0.0,03-15-2018 13:30:11,"Embattled Veterans Affairs Secretary David Shulkin is expected to be on Capitol Hill on Thursday, as President Trum‚Ä¶ https://t.co/apecs309cC",69,@CNN
270,0.0,0.0,1.0,0.0,03-15-2018 09:59:03,Unilever is ending nearly a century of residency in London and will use the Dutch city of Rotterdam as the location‚Ä¶ https://t.co/COgS1vHnGo,70,@CNN
271,0.128,0.0,0.897,0.103,03-15-2018 07:00:24,Stormy Daniels is crowdfunding her legal fees in suit against President Trump https://t.co/1NMdxLxNpb https://t.co/EoJUOrVQfd,71,@CNN
272,-0.5423,0.247,0.648,0.105,03-15-2018 03:16:01,"A full-blown trade war would erase any economic benefits from the Republican tax cuts passed last year, according t‚Ä¶ https://t.co/0gYdw8ECcK",72,@CNN
273,-0.6249,0.231,0.769,0.0,03-15-2018 02:14:15,An Ohio federal district court judge blocked legislation that would have banned abortion in cases where a fetus is‚Ä¶ https://t.co/r0lN1gRW7c,73,@CNN
274,0.5719,0.0,0.711,0.289,03-14-2018 23:14:42,"Exclusive: Inside the US nuclear submarine challenging Russia in the Arctic, capable of launching a two-ton, 20-foo‚Ä¶ https://t.co/FHjtkh9a26",74,@CNN
275,0.5719,0.0,0.837,0.163,03-14-2018 20:09:30,"President Trump's tapping of TV personality Larry Kudlow as his new economic adviser ""is a perfect kind of an appoi‚Ä¶ https://t.co/KNADuLMgxv",75,@CNN
276,0.5318,0.0,0.826,0.174,03-14-2018 17:46:00,"Munich, Germany, is a long way from the ocean and it's pretty darn cold this time of year, but that doesn't stop so‚Ä¶ https://t.co/uut7kS4tmq",76,@CNN
277,-0.3182,0.103,0.897,0.0,03-14-2018 14:14:44,Parkland student on the nationwide school walkout: ‚ÄúIt shows the impact that we‚Äôre making and it really shows us th‚Ä¶ https://t.co/ELclCZ561D,77,@CNN
278,0.4767,0.0,0.807,0.193,03-14-2018 11:47:51,The House Intelligence Committee report on Russia doesn't change everything | Analysis by @CillizzaCNN‚Ä¶ https://t.co/OeCg8Qc9Zj,78,@CNN
279,0.0,0.0,1.0,0.0,03-14-2018 08:11:47,Figures from the scientific community and beyond came together to mark the passing of famed physicist Stephen Hawki‚Ä¶ https://t.co/EPL1oG1eQt,79,@CNN
280,0.0,0.0,1.0,0.0,03-14-2018 05:43:55,"Hawking was born in Oxford on what turned out to be an auspicious date: January 8, 1942 -- the 300th anniversary of‚Ä¶ https://t.co/PN81nT8ZQY",80,@CNN
281,-0.2732,0.084,0.916,0.0,03-14-2018 03:16:05,About half of all plants and animals in 35 of the world's most biodiverse places are at risk of extinction due to c‚Ä¶ https://t.co/dVNfGD7Jkd,81,@CNN
282,0.3472,0.08,0.77,0.149,03-14-2018 01:48:53,"Former Director of National Intelligence James Clapper says he's ""not surprised"" by the House Intel Committee concl‚Ä¶ https://t.co/INeackln9A",82,@CNN
283,0.1027,0.088,0.808,0.104,03-14-2018 00:18:26,"RT @OutFrontCNN: ""When the Secretary of State speaks, the world must believe he speaks for the President. Clearly Tillerson had lost that c‚Ä¶",83,@CNN
284,0.0,0.0,1.0,0.0,03-13-2018 22:10:09,President Trump's CIA pick could face a bumpy confirmation. Several key Republican senators say Gina Haspel will ha‚Ä¶ https://t.co/nGroCGimbD,84,@CNN
285,0.0,0.0,1.0,0.0,03-13-2018 19:44:08,"President Trump is in California, viewing eight prototypes for his long-promised border walls. Four are made of con‚Ä¶ https://t.co/k0KlfcgKCW",85,@CNN
286,0.0772,0.14,0.702,0.158,03-13-2018 17:11:03,"These teachers in Ennis, Texas, are attending gun and active shooter training https://t.co/9PIhY9E9pl https://t.co/vsQZYpA8sd",86,@CNN
287,-0.4939,0.151,0.849,0.0,03-13-2018 14:23:02,"RT @CNNweather: The blizzard in Boston is a 'bomb cyclone.' 

Watch live -- https://t.co/q80AsGNM3o
Get the latest information -- https://t‚Ä¶",87,@CNN
288,0.3612,0.158,0.561,0.281,03-13-2018 12:45:37,"The father of Joaquin Oliver, who was killed in the Florida school shooting, created a powerful mural to honor his‚Ä¶ https://t.co/x1bl5M4ebr",88,@CNN
289,0.0,0.0,1.0,0.0,03-13-2018 09:11:04,"A new purported military video of an unidentified aircraft has been made public, following the Pentagon's acknowled‚Ä¶ https://t.co/BcNhibDhXm",89,@CNN
290,-0.5423,0.212,0.788,0.0,03-13-2018 05:08:03,Actress Lynda Carter recounts alleged harassment on 'Wonder Woman' TV show set https://t.co/7UIcBiXeZ6 https://t.co/l6QHsGwQtQ,90,@CNN
291,-0.5106,0.142,0.858,0.0,03-13-2018 03:13:16,US Secretary of State Rex Tillerson goes farther than the White House and condemns Russia for the nerve agent attac‚Ä¶ https://t.co/9oYQY8tzoX,91,@CNN
292,0.0,0.0,1.0,0.0,03-13-2018 00:51:49,"A new purported military video of an unidentified aircraft has been made public, following the Pentagon's acknowled‚Ä¶ https://t.co/lLyYpaOUc6",92,@CNN
293,0.3472,0.08,0.77,0.149,03-12-2018 22:39:19,"Former Director of National Intelligence James Clapper says he's ""not surprised"" by the House Intel Committee concl‚Ä¶ https://t.co/7EGP36IlB5",93,@CNN
294,0.4215,0.062,0.796,0.142,03-12-2018 20:19:09,"As thousands of people attend the SXSW festival in Austin, Texas, police warn residents that three package blasts i‚Ä¶ https://t.co/lPcdwyO1PD",94,@CNN
295,0.0,0.0,1.0,0.0,03-12-2018 18:30:10,Elizabeth Warren says she isn't running for president. Don't believe her. | Analysis by @CillizzaCNN‚Ä¶ https://t.co/CczGyYXeIj,95,@CNN
296,-0.5719,0.217,0.783,0.0,03-12-2018 16:24:06,White House officials were alarmed by Betsy DeVos' struggle to answer basic questions about the nation's schools an‚Ä¶ https://t.co/qlOyhVrSst,96,@CNN
297,0.296,0.0,0.885,0.115,03-12-2018 13:23:42,What's behind the stamina of Russian President Vladimir Putin? The 65-year-old is now contesting his fourth preside‚Ä¶ https://t.co/lvcoPhMOMI,97,@CNN
298,0.5719,0.087,0.684,0.228,03-12-2018 10:30:06,"if we are to truly respect the sacrifice of the 3 Yountville victims who served the veteran community, we must help‚Ä¶ https://t.co/5RCrG9jtxg",98,@CNN
299,-0.6486,0.212,0.788,0.0,03-12-2018 07:30:01,"A knife-wielding man was shot dead outside the Iranian ambassador's residence in Vienna on Sunday night, following‚Ä¶ https://t.co/7OfvS1IVt8",99,@CNN
300,0.0,0.0,1.0,0.0,03-24-2018 05:34:00,".@mikepillsbury: ""I've known John Bolton since 1981. He's quite the insider."" https://t.co/UMPz2BK0Eo",0,@FoxNews
301,0.4215,0.0,0.843,0.157,03-24-2018 02:14:56,"Attorney General Jeff Sessions: Trump, DOJ taking steps to make Americans safer after school shootings https://t.co/DS6YTcDEzu",1,@FoxNews
302,0.0,0.0,1.0,0.0,03-23-2018 23:41:06,Kansas water park and ex-exec facing 'involuntary manslaughter' charge over boy's decapitation https://t.co/oVJwhlgBd6,2,@FoxNews
303,0.3182,0.0,0.777,0.223,03-23-2018 21:34:21,More veterans seek Trump's pardon for combat-zone convictions https://t.co/hCuRwRMOAW,3,@FoxNews
304,0.0,0.0,1.0,0.0,03-23-2018 18:49:53,".@ChrisStirewalt on spending bill negotiation: ""You know who never gets a vote? My kids and their kids and the kids‚Ä¶ https://t.co/gmqpqWFMb6",4,@FoxNews
305,0.0,0.0,1.0,0.0,03-23-2018 17:33:21,".@POTUS: ""We have to get rid of the filibuster rule and go to 51 votes in the Senate."" https://t.co/hBoCFH93hz",5,@FoxNews
306,0.0,0.0,1.0,0.0,03-23-2018 16:36:18,"COMING UP at 1p ET - the @WhiteHouse Press Briefing - For full live coverage, tune in to Fox News Channel! https://t.co/PYQMR1PIeb",6,@FoxNews
307,0.0,0.0,1.0,0.0,03-23-2018 14:18:00,"""We were just at the right place at the right time. We went back to work and kept answering calls.""‚Ä¶ https://t.co/aim7Vql7mF",7,@FoxNews
308,0.0258,0.113,0.769,0.118,03-23-2018 12:33:16,".@KyleKashuv: ""The issue isn't law-abiding citizens having a weapon. It's the agencies not... [making] sure that pe‚Ä¶ https://t.co/6AgJUAiCr0",8,@FoxNews
309,0.2212,0.0,0.91,0.09,03-23-2018 11:00:01,"Michael Pillsbury on @foxandfriends: ‚ÄúIn many ways, H.R. McMaster is smooth. John Bolton is more of a fighter and I‚Ä¶ https://t.co/yA1Pxmmcj8",9,@FoxNews
310,0.0,0.0,1.0,0.0,03-23-2018 08:15:00,"At the Generation Next forum Thursday, President @realDonaldTrump slammed his presidential predecessors for their f‚Ä¶ https://t.co/HgQoGvIHya",10,@FoxNews
311,0.6597,0.0,0.748,0.252,03-23-2018 04:15:00,Tennessee public schools might be required to display 'In God We Trust' motto for all to see https://t.co/P8z2w5tYqi,11,@FoxNews
312,-0.7003,0.309,0.691,0.0,03-23-2018 02:06:02,'Star Trek' actor Anton Yelchin's family settles lawsuit with Fiat Chrysler over his death https://t.co/2j4oBZviYF,12,@FoxNews
313,0.0,0.0,1.0,0.0,03-22-2018 23:44:35,".@AmbJohnBolton: ‚ÄúHe may be a different kind of president than others, but I think that‚Äôs what the people voted for‚Ä¶ https://t.co/tem1a1iWKz",13,@FoxNews
314,0.0,0.0,1.0,0.0,03-22-2018 21:06:43,Alabama is latest state to approve execution by nitrogen gas https://t.co/3PMCzKE2A7,14,@FoxNews
315,0.3182,0.0,0.867,0.133,03-22-2018 19:00:00,"Moments ago at a sit-down interview with @charliekirk11, President @realDonaldTrump joked about the advice he would‚Ä¶ https://t.co/zpcXglAdSI",15,@FoxNews
316,0.0,0.0,1.0,0.0,03-22-2018 17:43:29,"Austin bomber had 'target list,' used 'very unique' batteries purchased from Asia, McCaul says https://t.co/UTToSokGZo",16,@FoxNews
317,-0.5719,0.217,0.783,0.0,03-22-2018 16:29:31,".@dagenmcdowell: ""We have a $21 trillion debt in this country and there is no whiff of fiscal responsibility coming‚Ä¶ https://t.co/rGLW3Vrdra",17,@FoxNews
318,0.0,0.0,1.0,0.0,03-22-2018 14:57:00,"Austin bomber had 'target list,' used 'very unique' batteries purchased from Asia, McCaul says (via @travfed)   https://t.co/UTToSokGZo",18,@FoxNews
319,-0.6705,0.282,0.718,0.0,03-22-2018 12:29:27,".@SebGorka Blasts Biden's Fiery Trump Comments: 'Lunchbucket Joe' Got 'Every Issue Wrong for 30 Years'
https://t.co/evWj29ywl4",19,@FoxNews
320,0.3384,0.068,0.79,0.142,03-22-2018 10:40:35,.@CurranNassau on @POTUS‚Äôs remarks: ‚ÄúI think his remarks really highlight that there is a serious opioid epidemic‚Ä¶a‚Ä¶ https://t.co/uwIKoTi4B8,20,@FoxNews
321,-0.8074,0.48,0.52,0.0,03-22-2018 08:50:01,Teacher who called military 'lowest of the low' is fired https://t.co/ks8dZCVh9F https://t.co/mMDDlesQ1K,21,@FoxNews
322,0.0,0.0,1.0,0.0,03-22-2018 07:15:00,"Leon Panetta: ""Presidents talk to kings and emperors and tyrants regardless of whether or not they were elected wit‚Ä¶ https://t.co/PuQDFMISdH",22,@FoxNews
323,0.0,0.0,1.0,0.0,03-22-2018 05:35:00,".@RepAndyBiggsAZ: ""Originally, people were calling for @POTUS to be impeached before he even got sworn in.""‚Ä¶ https://t.co/EvBZpU2xaP",23,@FoxNews
324,-0.4019,0.252,0.748,0.0,03-22-2018 04:01:00,Dashcam video of deadly self-driving @Uber crash released https://t.co/E0pxJCigJK,24,@FoxNews
325,0.4215,0.0,0.781,0.219,03-22-2018 01:55:02,What is an atmospheric river? Powerful storm to drench California https://t.co/LbTIuklDoI,25,@FoxNews
326,0.4019,0.0,0.816,0.184,03-21-2018 23:55:47,BREAKING: GOP's Saccone concedes to Democrat Lamb in Pennsylvania special House race https://t.co/y5CFpEwe2d,26,@FoxNews
327,0.3412,0.0,0.833,0.167,03-21-2018 22:02:06,Sessions lawyer says AG is not under federal perjury investigation  (via @JakeBGibson) https://t.co/7srKbc2P7s,27,@FoxNews
328,0.0,0.0,1.0,0.0,03-21-2018 19:32:00,Restaurant launches vodka-infused pizza https://t.co/xPCsJb9FAf,28,@FoxNews
329,0.0,0.0,1.0,0.0,03-21-2018 17:36:15,RT @FoxBusiness: Saudi crown prince to meet with Boeing officials https://t.co/zQUZkMAE51,29,@FoxNews
330,0.0,0.0,1.0,0.0,03-21-2018 15:11:38,President @realDonaldTrump tweets again on Mueller Russia investigation. https://t.co/UPxXuN1PhM,30,@FoxNews
331,0.0,0.0,1.0,0.0,03-21-2018 13:39:04,"Breaking News: Austin serial bomber identified as Mark Anthony Conditt, official tells the Associated Press https://t.co/vC2qDwT0hQ",31,@FoxNews
332,0.0,0.0,1.0,0.0,03-21-2018 10:45:59,"Former @FBI counterterrosim agent Terry Turchie: ""This task force of state and local and federal agencies led by th‚Ä¶ https://t.co/yUklGjnZHt",32,@FoxNews
333,-0.6908,0.322,0.678,0.0,03-21-2018 09:01:59,BREAKING: Austin bombing suspect kills self with explosive as police close in: report https://t.co/vC2qDwT0hQ,33,@FoxNews
334,-0.7902,0.304,0.696,0.0,03-21-2018 07:40:00,".@POTUS: ""Republicans also repealed one of the nation's cruelest and most unfair taxes ever: the ObamaCare individu‚Ä¶ https://t.co/n8Ax3kASya",34,@FoxNews
335,0.4215,0.0,0.851,0.149,03-21-2018 06:05:00,"At a roundtable on cyberbullying and internet safety Tuesday, @FLOTUS Melania #Trump acknowledged she has faced cri‚Ä¶ https://t.co/crlvDXFBD2",35,@FoxNews
336,0.2023,0.129,0.699,0.172,03-21-2018 04:25:00,Maryland school resource officer has stared a gun in the face to save lives before https://t.co/Bz6X20Turn,36,@FoxNews
337,0.0,0.0,1.0,0.0,03-21-2018 02:39:02,.@Austin_Police officials provide a statement on an incendiary device discovered at @AustinGoodwill Tuesday night t‚Ä¶ https://t.co/jUbNhXmCL6,37,@FoxNews
338,0.7579,0.0,0.723,0.277,03-20-2018 23:23:33,".@SpeakerRyan: ""Six million workers have received bonuses thanks to this [tax] law. These are real dollars that wor‚Ä¶ https://t.co/m1yFCjADvW",38,@FoxNews
339,-0.2023,0.141,0.859,0.0,03-20-2018 20:44:34,Man charged after child pornography stash found in remote 'gingerbread treehouse' https://t.co/35pWbMICN6,39,@FoxNews
340,-0.5267,0.167,0.833,0.0,03-20-2018 18:04:57,.@PressSec: ‚ÄúSanctuary jurisdictions release thousands of criminal aliens out of our prisons and jails and back int‚Ä¶ https://t.co/7gRmhrSju7,40,@FoxNews
341,-0.34,0.156,0.844,0.0,03-20-2018 15:44:38,Man with gun reported at Panera Bread restaurant near Princeton University (via: @luciasuarezsang) https://t.co/4tG0INB8d5,41,@FoxNews
342,0.0,0.0,1.0,0.0,03-20-2018 14:18:16,RT @FoxBusiness: #BreakingNews: @FedEx responds to explosion at facility near San Antonio. https://t.co/cD1ujWSnFY,42,@FoxNews
343,0.0516,0.168,0.652,0.179,03-20-2018 11:11:58,OPINION: Cal Thomas: California's pro-abortion FACT Act is an attack on free speech https://t.co/GVHx2n5X6M,43,@FoxNews
344,-0.4019,0.172,0.828,0.0,03-20-2018 09:22:27,"Southern California town stands up to state, votes to reject sanctuary law https://t.co/UCWhWd0DR2 https://t.co/YIfVZPKOge",44,@FoxNews
345,0.4019,0.0,0.791,0.209,03-20-2018 06:00:00,".@JesseBWatters on @HillaryClinton's apology after comments about Trump voters: ‚ÄúWe like authentic Hillary, even if‚Ä¶ https://t.co/arcQNMMnxb",45,@FoxNews
346,-0.34,0.138,0.862,0.0,03-20-2018 02:14:26,".@IngrahamAngle on McCabe firing: ""When the government learns of wrongdoing, shouldn't it act immediately?...Who ca‚Ä¶ https://t.co/bvGOzwhU8w",46,@FoxNews
347,-0.4939,0.225,0.775,0.0,03-19-2018 23:04:04,.@FIU students return to campus for first time since bridge collapse https://t.co/ekhlBFQmgt,47,@FoxNews
348,-0.7579,0.371,0.629,0.0,03-19-2018 20:29:22,"Pennsylvania college student who went missing in Bermuda found dead, officials say https://t.co/LcRKyP0d7k",48,@FoxNews
349,0.0,0.0,1.0,0.0,03-19-2018 17:16:44,Steve Pomerantz on Austin bombings #OutnumberedOT https://t.co/bqG3aTGDOr https://t.co/SgqjLcZG12,49,@FoxNews
350,0.0,0.0,1.0,0.0,03-19-2018 14:39:15,"Saudi Crown Prince Mohammed bin Salman says women are 'absolutely' equal to men, continues modernization push‚Ä¶ https://t.co/vIpDkAANrQ",50,@FoxNews
351,-0.6369,0.344,0.656,0.0,03-19-2018 11:30:10,.@POTUS initiative to end opioid abuse @foxandfriends https://t.co/4yuGmZLxcq https://t.co/nIYZFRgfiI,51,@FoxNews
352,-0.4939,0.186,0.814,0.0,03-19-2018 08:39:30,Florida bridge collapse victim's uncle blasts decision to let cars pass below unfinished span https://t.co/uZzKprmF1e,52,@FoxNews
353,-0.34,0.179,0.821,0.0,03-19-2018 06:53:00,Same-sex couple accuses Texas newspaper of discrimination after obit was altered https://t.co/f9qAt1ohah,53,@FoxNews
354,0.0,0.0,1.0,0.0,03-19-2018 05:23:00,".@jasoninthehouse on 2018 midterms: ""When [Republicans] hear @HillaryClinton and @NancyPelosi, it reminds them why‚Ä¶ https://t.co/ptEz8GXhIO",54,@FoxNews
355,0.6059,0.0,0.729,0.271,03-19-2018 03:49:00,".@DiamondandSilk: ""We believe in God. We are Christians. We shouldn't be mocked. We shouldn't be accused of anythin‚Ä¶ https://t.co/i9uvXKvP8g",55,@FoxNews
356,0.2732,0.0,0.909,0.091,03-19-2018 02:11:39,"Larry P. Arnn on the creation of the Declaration of Independence: ""For the first time in human history, in this par‚Ä¶ https://t.co/zKPlRt2XYJ",56,@FoxNews
357,0.0516,0.171,0.647,0.182,03-19-2018 00:02:39,Defending champ North Carolina knocked out in second round of March Madness https://t.co/tBNM5dwLOY,57,@FoxNews
358,0.0,0.152,0.696,0.152,03-18-2018 21:31:05,".@JudgeJeanine Applauds McCabe's Firing: He 'Should Have Been Taken Out in Cuffs'
https://t.co/BDiYyEWhau",58,@FoxNews
359,0.0,0.0,1.0,0.0,03-18-2018 19:24:49,".@jasoninthehouse on 2018 midterms: ""When [Republicans] hear @HillaryClinton and @NancyPelosi, it reminds them why‚Ä¶ https://t.co/xG15sLooXu",59,@FoxNews
360,0.0,0.0,1.0,0.0,03-18-2018 18:42:50,"RT @FoxBusiness: .@RajShah45 on latest U.S. tariffs on China: ""It ensures that American technology and American ingenuity is kept here for‚Ä¶",60,@FoxNews
361,0.0,0.0,1.0,0.0,03-18-2018 17:09:14,"Kushner Cos. filed false documents with NYC, report https://t.co/EVuZf4Znf2",61,@FoxNews
362,0.4767,0.0,0.796,0.204,03-18-2018 15:20:53,"In an interview with @CNN, Sen. @JeffFlake said he hopes President @realDonaldTrump gets a primary challenge in 202‚Ä¶ https://t.co/IpMSzst1w2",62,@FoxNews
363,0.0,0.0,1.0,0.0,03-18-2018 14:16:43,Explorers find 119-year-old shipwreck at the bottom of Lake Erie https://t.co/ar3e6FecZu,63,@FoxNews
364,-0.4019,0.167,0.727,0.105,03-18-2018 13:19:26,RT @FoxNewsSunday: .@TGowdySC on how President Trump has handled Russia and Vladimir Putin: I think he‚Äôs done a hell of a lot better job th‚Ä¶,64,@FoxNews
365,-0.6705,0.478,0.522,0.0,03-18-2018 10:14:28,All victims recovered from Florida bridge collapse https://t.co/4s8yOn7OVR,65,@FoxNews
366,0.0,0.0,1.0,0.0,03-18-2018 07:37:00,"Felix Sater on working with @realDonaldTrump: ""There was never any involvement of any foreign,  Russian money...Vla‚Ä¶ https://t.co/Rn6AW58wNU",66,@FoxNews
367,-0.6486,0.264,0.736,0.0,03-18-2018 06:24:00,"Adrian Lamo, hacker who turned in Chelsea Manning to @FBI, found dead https://t.co/c3Aoyv7uj5",67,@FoxNews
368,0.0,0.0,1.0,0.0,03-18-2018 04:53:00,".@CharlesHurt: ‚ÄúRex Tillerson didn‚Äôt get elected to anything, Donald #Trump did.‚Äù https://t.co/4k4k9ajEjs",68,@FoxNews
369,-0.4215,0.141,0.859,0.0,03-18-2018 03:14:00,"John Bussey on Mueller investigation: ""He's moving very deliberately. He's got guilty pleas already, he's gotten in‚Ä¶ https://t.co/C6P4HhKdaV",69,@FoxNews
370,0.8402,0.0,0.545,0.455,03-18-2018 00:59:37,"On @WattersWorld, a woman with an emotional support duck explains how her feathered friend provides comfort. https://t.co/nc6xtOdWGU",70,@FoxNews
371,0.1027,0.0,0.887,0.113,03-17-2018 22:48:13,Southern California town wants to exempt itself from sanctuary city law https://t.co/gFgERrCmGb,71,@FoxNews
372,-0.7096,0.258,0.742,0.0,03-17-2018 21:03:02,".@JMfreespeech on expelled UK diplomats in Russia: ""This is the largest expulsion of diplomats since World War II.‚Ä¶ https://t.co/3iqDZuf0c4",72,@FoxNews
373,-0.34,0.146,0.854,0.0,03-17-2018 19:29:30,"Earlier today, former @FBI Director James @Comey tweeted an ominous message to President @realDonaldTrump. https://t.co/qPlGNOYd6d",73,@FoxNews
374,0.0,0.0,1.0,0.0,03-17-2018 17:56:42,"Widow of NYPD Cop: Release of Husband's 'Assassin' Is 'Betrayal' to Officers
https://t.co/oc6RZch3iC",74,@FoxNews
375,0.0,0.0,1.0,0.0,03-17-2018 16:42:00,".@PhilippeReines: ""I think what [@HillaryClinton] has learned - which frankly she should have known from decades in‚Ä¶ https://t.co/Wc1yEb5J3C",75,@FoxNews
376,-0.5859,0.275,0.725,0.0,03-17-2018 14:52:04,".@dagenmcdowell: ""[@HillaryClinton] has an open contempt for Republican women."" #Cavuto https://t.co/a2nhhDPrjB",76,@FoxNews
377,0.0,0.0,1.0,0.0,03-17-2018 11:50:48,Candace Owens: ‚ÄúWe can‚Äôt have states within this union that are not complying with federal law.‚Äù https://t.co/0YcFacAe3s,77,@FoxNews
378,0.0,0.0,1.0,0.0,03-17-2018 08:22:00,Bernard Kerik: ‚ÄúI would urge the American people to think extremely highly of the FBI. The FBI agents across this c‚Ä¶ https://t.co/zHpWNdlzex,78,@FoxNews
379,0.0,0.0,1.0,0.0,03-17-2018 05:08:00,OPINION - @newtgingrich: #Trump (and his success) continues to baffle our country's elites. What's going on? https://t.co/vjegRYFNcv,79,@FoxNews
380,-0.5574,0.175,0.825,0.0,03-17-2018 02:07:55,"BREAKING: Former FBI Deputy Director Andrew McCabe was fired on Friday night, Attorney General Jeff Sessions announ‚Ä¶ https://t.co/gd7ak2YrqO",80,@FoxNews
381,-0.8126,0.316,0.684,0.0,03-16-2018 23:15:01,"Maria Belyi, attorney for Jose Garcia-Zarate: ‚ÄúThe anger of the administration, the anger of @TheJusticeDept over h‚Ä¶ https://t.co/516CyVMxJp",81,@FoxNews
382,-0.8442,0.351,0.649,0.0,03-16-2018 19:51:00,"On @foxandfriends, @real_jamielshaw, a father whose son was killed by an illegal immigrant, called for Oakland Mayo‚Ä¶ https://t.co/1DcKeo4ujt",82,@FoxNews
383,-0.5106,0.171,0.829,0.0,03-16-2018 17:36:22,"Sheriff defends self after public outrage over $740G beach house, pocketing money from inmate food fund https://t.co/pgAdeU1ZS2",83,@FoxNews
384,-0.3818,0.178,0.822,0.0,03-16-2018 15:46:51,OPINION: Rep. @MarshaBlackburn: A concrete step in the fight against the opioid epidemic https://t.co/qjcGnEBkkY,84,@FoxNews
385,-0.0516,0.208,0.595,0.196,03-16-2018 13:30:09,"Arm homeless with shotguns to reduce crime, US Senate hopeful says https://t.co/tlpg4hiYxK",85,@FoxNews
386,-0.2263,0.102,0.837,0.06,03-16-2018 11:45:50,".@AlanDersh: ""Race is no excuse. We don't have affirmative action when it comes to bigotry. Whether you're black or‚Ä¶ https://t.co/jZw3Ttye0x",86,@FoxNews
387,-0.0516,0.14,0.735,0.125,03-16-2018 09:30:00,Spirit passengers bring man back to life after his heart stopped https://t.co/btaqlmulMl,87,@FoxNews
388,-0.4588,0.182,0.818,0.0,03-16-2018 05:30:00,".@JonathanTurley: ‚ÄúThe real strange thing about all this is that [Andrew] McCabe, so far, has been worried more abo‚Ä¶ https://t.co/MTWkcpopWd",88,@FoxNews
389,-0.3412,0.107,0.893,0.0,03-16-2018 02:37:31,"John G. Iannarelli on Andrew McCabe: ""Your pension is not a guaranteed gift. When you're an FBI agent, it's about l‚Ä¶ https://t.co/0ZhT8Qy5cq",89,@FoxNews
390,-0.3182,0.171,0.743,0.086,03-16-2018 00:19:37,"RT @FoxBusiness: Dave Downey, Miami-Dade Fire Chief: ""We're gonna continue to search this pile until we are sure there is no other survivor‚Ä¶",90,@FoxNews
391,0.296,0.094,0.759,0.147,03-15-2018 22:24:34,One of several search dogs assists responders in search and rescue among the rubble of a collapsed pedestrian bridg‚Ä¶ https://t.co/TOq6fPaqTK,91,@FoxNews
392,-0.4939,0.242,0.758,0.0,03-15-2018 20:15:14,Florida @SenBillNelson on the deadly bridge collapse at @FIU https://t.co/MiQYWDiEl3 https://t.co/4XPC3M4b7Y,92,@FoxNews
393,-0.296,0.136,0.864,0.0,03-15-2018 18:51:05,"950-ton pedestrian bridge collapses at Florida International University, reports of multiple deaths and injuries.‚Ä¶ https://t.co/WlmfQUG1eC",93,@FoxNews
394,0.3612,0.0,0.667,0.333,03-15-2018 17:34:09,Do you agree with @KamalaHarris? https://t.co/64ApWGUbCF,94,@FoxNews
395,0.0,0.0,1.0,0.0,03-15-2018 16:04:48,".@SpeakerRyan hosts @POTUS, Irish Prime Minister @campaignforleo, @VP Mike Pence, and others for the annual Friends‚Ä¶ https://t.co/DcGQ57VZnp",95,@FoxNews
396,0.0,0.0,1.0,0.0,03-15-2018 14:22:49,.@SHAQ: Put More Police Officers in Schools Instead of Banning Guns https://t.co/RgQwBARrRp https://t.co/2WaVvNBUPv,96,@FoxNews
397,0.0,0.0,1.0,0.0,03-15-2018 12:46:38,#CookingWithFriends - @JaniceDean edition! @foxandfriends https://t.co/SH7En1NxrA,97,@FoxNews
398,0.0,0.0,1.0,0.0,03-15-2018 11:37:19,".@DiamondandSilk: ""There is nothing sexist about calling @NancyPelosi out."" https://t.co/o5UYwQ4ifm",98,@FoxNews
399,0.0,0.0,1.0,0.0,03-15-2018 10:07:00,HuffPost editor boasts about fewer 'white authors' https://t.co/h5cvpGEEZb,99,@FoxNews
400,-0.4215,0.141,0.859,0.0,03-24-2018 05:32:05,"RT @KirkSemple: Landon Donovan, chief American provocateur in the bitter U.S.-Mexican soccer rivalry, emerges from a second retirement and,‚Ä¶",0,@nytimes
401,0.8555,0.0,0.704,0.296,03-24-2018 01:32:04,"Modern Love: ""I knew that when you find love, you jump in, almost involuntarily. You don‚Äôt sit on the edge negotiat‚Ä¶ https://t.co/euo96xgH1a",1,@nytimes
402,-0.6705,0.184,0.816,0.0,03-23-2018 20:47:00,"Reema Samaha was 18 when she was killed in the 2007 shooting at Virginia Tech University. Her father, Joseph, says‚Ä¶ https://t.co/BDD9YIUKYJ",2,@nytimes
403,-0.8934,0.386,0.614,0.0,03-23-2018 16:55:08,Anger over the murders of a reporter and his fianc√©e forced Slovakia's prime minister and other officials to step d‚Ä¶ https://t.co/c0sovP7t5F,3,@nytimes
404,-0.34,0.107,0.893,0.0,03-23-2018 13:08:42,"Breaking News: An armed man opened fire and took hostages in a supermarket in France, claiming to be acting on beha‚Ä¶ https://t.co/29pCnZYCbv",4,@nytimes
405,-0.2732,0.204,0.681,0.115,03-23-2018 09:45:03,"John Dowd, who resigned as President Trump's lead lawyer for the special counsel investigation, broke with Trump ov‚Ä¶ https://t.co/929RrsDtjh",5,@nytimes
406,0.0,0.0,1.0,0.0,03-23-2018 04:43:36,"Congress passed a $1.3 trillion spending bill, keeping the government open through September
https://t.co/ENCrfG8wHb",6,@nytimes
407,0.7717,0.0,0.66,0.34,03-23-2018 01:12:39,They're going wild at the Sisters of Charity of the Blessed Virgin Mary headquarters https://t.co/ICAgSmy9Xo,7,@nytimes
408,0.0,0.0,1.0,0.0,03-22-2018 21:16:02,A 98-year-old nun has become the biggest star of the NCAA men‚Äôs basketball tournament https://t.co/KctI49ACcT,8,@nytimes
409,0.5719,0.0,0.793,0.207,03-22-2018 16:31:06,Anthony Stephan House was helping his 8-year-old daughter get ready for school when he picked up a package left on‚Ä¶ https://t.co/9z8lLPrK1I,9,@nytimes
410,-0.4019,0.171,0.829,0.0,03-22-2018 12:40:09,"President Trump tweeted that Joe Biden ""would go down fast and hard"" if the two men ever physically fought https://t.co/6ldkGqS1OL",10,@nytimes
411,0.0243,0.142,0.71,0.148,03-22-2018 08:30:13,"Untangling yourself from a site like Facebook is not as easy as pressing ""delete"" https://t.co/FXSzaCOdWP",11,@nytimes
412,0.6808,0.0,0.694,0.306,03-22-2018 03:02:04,A Memphis megachurch pastor whose congregation applauded him after he admitted that he had engaged in a ‚Äúsexual inc‚Ä¶ https://t.co/hPKMAFilFy,12,@nytimes
413,0.3182,0.14,0.643,0.216,03-21-2018 22:17:01,RT @ScottCacciola: The secret behind J.J. Redick‚Äôs success? His obsession with routines: https://t.co/6AopFOcQr0,13,@nytimes
414,0.0,0.0,1.0,0.0,03-21-2018 19:06:10,The police spent hours inside the home of the suspect's parents. A detective with the Austin police said the family‚Ä¶ https://t.co/HUGzcB3ayz,14,@nytimes
415,0.0,0.0,1.0,0.0,03-21-2018 16:30:10,"Beyond medical costs, a trip to the hospital can mean a permanent reduction in income for many Americans https://t.co/YZg2kKS7tA",15,@nytimes
416,-0.34,0.138,0.862,0.0,03-21-2018 12:21:07,"Ben Carson offered a rambling, at times contradictory, explanation of the purchase of a $31,000 dining set https://t.co/UnsINY1Qvn",16,@nytimes
417,0.0,0.0,1.0,0.0,03-21-2018 08:33:06,"Experts say that a high percentage of Venezuelans may be carriers of latent tuberculosis, and that increasing malnu‚Ä¶ https://t.co/DwOBSw9guy",17,@nytimes
418,0.5106,0.0,0.829,0.171,03-21-2018 03:41:04,"RT @tminsberg: Evan Strong has earned every title in adaptive snowboarding. So what now? 

""The Olympics."" 

https://t.co/1wfIWb5lRy",18,@nytimes
419,0.0,0.0,1.0,0.0,03-20-2018 23:32:05,"How researchers learned to use Facebook ""likes"" to sway your thinking https://t.co/2F4xre9ubW",19,@nytimes
420,0.5719,0.0,0.773,0.227,03-20-2018 19:28:06,"President Trump welcomed Saudi Arabia‚Äôs crown prince to the White House, reaffirming his endorsement of an ambitiou‚Ä¶ https://t.co/i9PoQGBqNr",20,@nytimes
421,0.0,0.0,1.0,0.0,03-20-2018 16:52:05,Mississippi's governor is expected to pick the state's agricultural commissioner ‚Äî who would be the first woman to‚Ä¶ https://t.co/w8trN1KI4m,21,@nytimes
422,0.0,0.0,1.0,0.0,03-20-2018 14:22:02,Facebook‚Äôs open platform for apps helped it grow. But it has become a privacy nightmare. https://t.co/00Y2uFFUH3,22,@nytimes
423,-0.5859,0.183,0.817,0.0,03-20-2018 10:00:07,"Britain's foreign secretary said that Russia's denials of responsibility in the poisoning of a former spy were ""inc‚Ä¶ https://t.co/yavwUc9rpH",23,@nytimes
424,0.0,0.0,1.0,0.0,03-20-2018 04:32:06,Facebook‚Äôs open platform for third-party apps helped it grow into a juggernaut. But it‚Äôs become a privacy nightmare. https://t.co/HUEJOTDUCF,24,@nytimes
425,-0.539,0.302,0.498,0.2,03-19-2018 23:17:05,"RT @KevinQ: The worst places for poor white children are almost all better than the best places for poor black children.

https://t.co/EPZt‚Ä¶",25,@nytimes
426,0.0,0.0,1.0,0.0,03-19-2018 20:10:11,Facebook is defending its protection of user information after Cambridge Analytica harvested private information fr‚Ä¶ https://t.co/ynmgpzkUa8,26,@nytimes
427,-0.5574,0.153,0.847,0.0,03-19-2018 17:50:06,"Andrew McCabe, the former FBI deputy director, was fired late Friday night ‚Äî on the eve of his retirement. Here‚Äôs w‚Ä¶ https://t.co/WgdgoA0WtP",27,@nytimes
428,0.0,0.0,1.0,0.0,03-19-2018 14:51:34,"After Hurricane Harvey, thousands of homes in a Houston suburb were deliberately flooded by the federal government.‚Ä¶ https://t.co/x3cwgQEQkr",28,@nytimes
429,0.4019,0.098,0.735,0.167,03-19-2018 11:10:08,"Trump called the firing of McCabe, the deputy FBI director, a ""great day for democracy."" McCabe says it's further e‚Ä¶ https://t.co/ja3hDRB5UH",29,@nytimes
430,0.0,0.0,1.0,0.0,03-19-2018 06:11:52,"On Queer Eye, @Antoni Porowski imparts lessons in home cooking that often involve ü•ë. Some might say too often. But‚Ä¶ https://t.co/V4qyXKsDIZ",30,@nytimes
431,0.0,0.0,1.0,0.0,03-19-2018 01:07:03,"A dozen people close to President Trump or the White House, including current and former aides and longtime friends‚Ä¶ https://t.co/FyTCcICvb8",31,@nytimes
432,0.6908,0.0,0.737,0.263,03-18-2018 21:30:01,The return of a blockbuster action franchise couldn‚Äôt bump ‚ÄúBlack Panther‚Äù from the top of the box office https://t.co/yiOh273l75,32,@nytimes
433,0.0,0.0,1.0,0.0,03-18-2018 17:15:08,"In Opinion,
Op-Ed contributor Jeff Roe writes, ""Instead of wringing our hands about his tweets, let‚Äôs start playing‚Ä¶ https://t.co/LoRBSmmYIS",33,@nytimes
434,0.0,0.0,1.0,0.0,03-18-2018 12:36:27,Britain Says It Has Proof Russia Stockpiled Lethal Nerve Agent https://t.co/HdQIQksN7g,34,@nytimes
435,0.1779,0.206,0.515,0.278,03-18-2018 07:08:34,Should teenagers protest? Research says yes. https://t.co/CUQku1vvNI,35,@nytimes
436,-0.7184,0.25,0.75,0.0,03-18-2018 01:28:14,"""They're named black holes because they are related to human fears of being destroyed or gobbled up,"" Stephen Hawki‚Ä¶ https://t.co/TWRAPrLmii",36,@nytimes
437,0.2023,0.0,0.917,0.083,03-17-2018 21:30:11,Tifanny Abreu is the first transgender volleyball player to make it to Brazil‚Äôs top ranks. If she qualifies for the‚Ä¶ https://t.co/IyNcF7dJ70,37,@nytimes
438,0.4019,0.0,0.838,0.162,03-17-2018 18:05:06,Florida International University has a center devoted to accelerated bridge construction. That engineering method w‚Ä¶ https://t.co/5Kv2wFhoZk,38,@nytimes
439,-0.743,0.249,0.751,0.0,03-17-2018 14:45:09,"Andrew McCabe was fired Friday. President Trump had heaped scorn on the ex-FBI deputy, who was set to retire Sunday‚Ä¶ https://t.co/QMUBT9MvkE",39,@nytimes
440,0.0,0.0,1.0,0.0,03-17-2018 09:36:15,"RT @nytimesarts: A new program at Juilliard furnishes opera students with designer gowns for their auditions and performances, donated by M‚Ä¶",40,@nytimes
441,0.8271,0.0,0.58,0.42,03-17-2018 04:06:06,"‚ÄúI like to photograph things that give me joy, because there‚Äôs certainly enough heartache‚Äù https://t.co/smC1cqYWKX",41,@nytimes
442,-0.7717,0.427,0.573,0.0,03-17-2018 00:32:06,Fatal collapse: A look at how the Florida bridge was built https://t.co/XS8gsX1m7C,42,@nytimes
443,-0.2023,0.091,0.909,0.0,03-16-2018 19:50:05,One NYT reader's reaction to South Africa's former president Jacob Zuma being charged with corruption related to an‚Ä¶ https://t.co/CGEcwufePO,43,@nytimes
444,-0.3818,0.11,0.89,0.0,03-16-2018 15:25:07,"RT @NYTSports: Catch up on last night's NCAA tournament action, including the first major upset. The Bulls practically ran the Wildcats out‚Ä¶",44,@nytimes
445,0.0,0.0,1.0,0.0,03-16-2018 12:00:05,Morning¬†Briefing: Here's what you need to know to start your day https://t.co/qbWj43MLtq https://t.co/DNVWpN9CDM,45,@nytimes
446,0.3612,0.0,0.762,0.238,03-16-2018 07:12:16,Editors‚Äô Choice: 5 New Books We Recommend This Week https://t.co/xZ9DGyfBUh,46,@nytimes
447,-0.5106,0.193,0.807,0.0,03-16-2018 02:17:05,Toys ‚ÄúR‚Äù Us went from planning a turnaround to collapsing. The brand‚Äôs downfall shows the risks of private equity i‚Ä¶ https://t.co/V35xJMADBj,47,@nytimes
448,0.4019,0.0,0.748,0.252,03-15-2018 21:32:07,What a happens when a self-driving car can‚Äôt help itself? https://t.co/Uut9hnmN02,48,@nytimes
449,0.4939,0.0,0.781,0.219,03-15-2018 17:52:56,"Exclusive: The special counsel has subpoenaed Trump Organization records, some related to Russia, bringing the inqu‚Ä¶ https://t.co/W0RzkbrOtP",49,@nytimes
450,-0.6369,0.222,0.726,0.052,03-15-2018 14:46:43,There are only a few hours left to fill out a March Madness bracket. You may want to consider these upset picks. https://t.co/duvhqjnBoA,50,@nytimes
451,0.0,0.0,1.0,0.0,03-15-2018 10:39:08,Rising ocean levels are causing waves to break on the statues and platforms built by an ancient civilization. Easte‚Ä¶ https://t.co/XObQQ1Nhuc,51,@nytimes
452,0.624,0.0,0.797,0.203,03-15-2018 05:42:06,"RT @daiwaka: This partnership between Lyft and Magna is really interesting. Basically, allows them to create ""autonomy in a box"" that can b‚Ä¶",52,@nytimes
453,-0.7506,0.262,0.738,0.0,03-15-2018 00:56:04,The U.S. military said it limited operations in the West African nation of Niger after 4 soldiers were killed. But‚Ä¶ https://t.co/sYDXeFdwtJ,53,@nytimes
454,0.0,0.0,1.0,0.0,03-14-2018 20:15:05,"As cities throughout the South move to take down Confederate monuments, Nashville's mayor said it was time for the‚Ä¶ https://t.co/QoJGRcfkMx",54,@nytimes
455,-0.25,0.185,0.714,0.101,03-14-2018 17:45:12,"History is full of movements led by students. Some were successful and others brutally crushed, but even the latter‚Ä¶ https://t.co/DLsUVrnNMm",55,@nytimes
456,0.0,0.0,1.0,0.0,03-14-2018 15:05:05,"Chris Cuomo is taking over the 9 p.m. weeknight slot on CNN, putting him up against MSNBC's Rachel Maddow and Sean‚Ä¶ https://t.co/JRQnx8Xkah",56,@nytimes
457,-0.6486,0.202,0.798,0.0,03-14-2018 12:11:06,"Three adults and one young child were found shot dead in Brooklyn Wednesday morning, the police said https://t.co/avcNdu3OFv",57,@nytimes
458,-0.3252,0.135,0.865,0.0,03-14-2018 07:32:03,"""The Irish were slaves, too,"" the memes often say. But they're not true.
From 2017: https://t.co/FRHYpHc9gP",58,@nytimes
459,0.0,0.0,1.0,0.0,03-14-2018 03:17:06,Pennsylvania election live results and maps https://t.co/8Yc1XqPiG0,59,@nytimes
460,0.4019,0.0,0.722,0.278,03-13-2018 23:17:06,"5 key factors in Pennsylvania‚Äôs special house election
https://t.co/SVKr8Z65bj",60,@nytimes
461,-0.25,0.1,0.9,0.0,03-13-2018 19:18:07,One NYT reader's reaction to how schools are determining the appropriate age for students to protest about a distur‚Ä¶ https://t.co/HBpGMELbTp,61,@nytimes
462,0.0,0.0,1.0,0.0,03-13-2018 16:37:40,"If confirmed as secretary of state, Mike Pompeo is likely to be one of the most conservative secretaries of state i‚Ä¶ https://t.co/9evzWHus0r",62,@nytimes
463,-0.2732,0.231,0.769,0.0,03-13-2018 13:20:08,How Trump blocked the biggest-ever tech takeover https://t.co/bOJdeC1aeq,63,@nytimes
464,0.0772,0.139,0.674,0.187,03-13-2018 08:31:04,"""I know that Russian security services are capable of assassinations in London or any part of the world if a decisi‚Ä¶ https://t.co/gbmOBuyU4e",64,@nytimes
465,-0.296,0.268,0.732,0.0,03-13-2018 03:32:07,How to stop eating sugar https://t.co/ua89Cgmtye https://t.co/vz5wJ0F6FO,65,@nytimes
466,-0.128,0.182,0.663,0.155,03-12-2018 23:02:07,"‚ÄúI lied,‚Äù said the antiques dealer. ‚ÄúI cheated. I stole.‚Äù And he succeeded, temporarily. https://t.co/32gPjjA1BN",66,@nytimes
467,-0.3595,0.122,0.878,0.0,03-12-2018 19:44:03,"And he‚Äôs off! Follow @DanBilefsky on his road trip across Quebec. He'll stop in Montreal, Maniwaki, H√©rouxville, Qu‚Ä¶ https://t.co/ftzf28fWAT",67,@nytimes
468,0.0,0.0,1.0,0.0,03-12-2018 17:12:00,Brittany Gilbert said she used to ‚Äúget so creeped out and weirded out‚Äù by customers‚Äô behavior. But now?‚Ä¶ https://t.co/EXlsS8KNA1,68,@nytimes
469,0.0,0.0,1.0,0.0,03-12-2018 14:31:03,"""A Wrinkle in Time"" arrived to a lackluster $33.3 million in ticket sales in North America over the weekend. ""Black‚Ä¶ https://t.co/TjgllqGBxN",69,@nytimes
470,0.0,0.0,1.0,0.0,03-12-2018 09:45:07,"RT @nytimesworld: Brussels is astir after a bureaucratic sleight-of-hand put Martin Selmayr, a German lawyer and chief of staff to Jean-Cla‚Ä¶",70,@nytimes
471,-0.1293,0.126,0.812,0.062,03-12-2018 04:17:36,"A week's worth of gas. A few gallons of milk. Few are complaining, but many in the working class are not feeling fl‚Ä¶ https://t.co/jNQ2epY03D",71,@nytimes
472,-0.4767,0.124,0.876,0.0,03-12-2018 00:20:03,"RT @NYTSports: A snubs list at the NCAA tournament has to start with the first four teams eliminated: Baylor, Notre Dame, Saint Mary‚Äôs and‚Ä¶",72,@nytimes
473,0.0,0.0,1.0,0.0,03-11-2018 19:54:03,"RT @cliffordlevy: Few things:
‚Ä¢¬†@maggieNYT is one of the finest journalists in the world. 
‚Ä¢¬†@realDonaldTrump has talked to her for more th‚Ä¶",73,@nytimes
474,0.0,0.0,1.0,0.0,03-11-2018 15:46:02,President Xi Jinping has set China on course to follow his hard-line authoritarian rule far into the future https://t.co/ZNBzhGP6KQ,74,@nytimes
475,-0.6588,0.204,0.796,0.0,03-11-2018 10:05:10,Donald Trump‚Äôs election shook one Ohio man so badly he swore off all political news. But what are the ethics of ign‚Ä¶ https://t.co/srVJ0dS1Pn,75,@nytimes
476,0.6124,0.08,0.62,0.299,03-11-2018 05:36:41,From everyone cares and everything matters to no one cares and nothing matters. Here are 25 songs that tell us wher‚Ä¶ https://t.co/wufZ5kGonc,76,@nytimes
477,0.0,0.0,1.0,0.0,03-11-2018 00:11:17,Here‚Äôs Cardi B‚Äôs ‚ÄúBodak Yellow‚Äù and your 3 minutes 44 seconds of frankness in a year of feminist pandering https://t.co/YVZ4Ae8ODr,77,@nytimes
478,0.0,0.0,1.0,0.0,03-10-2018 20:00:09,"One year ago today, the invasion of the toddlers https://t.co/Tdov9NdtSA",78,@nytimes
479,0.0,0.0,1.0,0.0,03-10-2018 15:30:08,Here are some of the highlights of the past week https://t.co/9cec4Q183M,79,@nytimes
480,0.296,0.0,0.879,0.121,03-10-2018 10:38:04,RT @nytpolitics: Stephen K. Bannon's next project: creating a network of populists to demolish Europe's political establishment https://t.c‚Ä¶,80,@nytimes
481,-0.6486,0.323,0.677,0.0,03-10-2018 04:52:19,Gunman and 3 Hostages Found Dead at California Veterans Home https://t.co/FLaBaqoHsV,81,@nytimes
482,-0.0258,0.052,0.948,0.0,03-10-2018 00:02:06,"John Kelly, the White House chief of staff, thwarted an effort by the EPA chief to stage public debates challenging‚Ä¶ https://t.co/ISODaflSpQ",82,@nytimes
483,0.6124,0.0,0.762,0.238,03-09-2018 19:35:20,We'd like to hear from you. Which CEO or organizational leader would you like @dgelles to interview? https://t.co/JJweDkYUG3,83,@nytimes
484,0.0,0.0,1.0,0.0,03-09-2018 15:00:47,Morning¬†Briefing: Here's what you need to know to start your day https://t.co/RXe6D1QISJ https://t.co/S8OKlxlOZ8,84,@nytimes
485,0.4019,0.0,0.816,0.184,03-09-2018 10:44:01,The Trump campaign's Florida staff unwittingly engaged with Russian trolls on Facebook https://t.co/uhWdofoe85,85,@nytimes
486,0.128,0.103,0.738,0.159,03-09-2018 05:17:02,RT @nytopinion: There are growing fears that funds will be taken from providers of birth control and given to groups that promote abstinenc‚Ä¶,86,@nytimes
487,0.3034,0.0,0.908,0.092,03-09-2018 01:34:36,RT @shearm: EXCLUSIVE: Former President Obama is in talks with Netflix to produce shows for the streaming service that would give him a mas‚Ä¶,87,@nytimes
488,0.5719,0.0,0.764,0.236,03-08-2018 21:55:07,"‚ÄúIt‚Äôs more than just racist,‚Äù one activist said. ‚ÄúIt celebrates human subjugation.‚Äù https://t.co/eHZNoiKExV",88,@nytimes
489,0.6369,0.0,0.802,0.198,03-08-2018 19:15:11,RT @nytvideo: Today is International Women's Day. These are our best videos about women around the world: https://t.co/qcOdXNPcrh,89,@nytimes
490,0.0,0.0,1.0,0.0,03-08-2018 16:15:16,"RT @nytopinion: Trump's hires include people who confess to crimes, who are secretly operating as foreign agents, who allegedly beat their‚Ä¶",90,@nytimes
491,0.5719,0.0,0.761,0.239,03-08-2018 12:41:05,"In Opinion

Op-Ed contributor Sylvie Kauffmann writes, ""Senior European officials admit that however good their coo‚Ä¶ https://t.co/6mZLKkVzmj",91,@nytimes
492,-0.7845,0.231,0.769,0.0,03-08-2018 08:17:06,RT @nytimesworld: ‚ÄúWill she also call on the crown prince to halt the shocking abuse of human rights in Saudi Arabia?‚Äù -- Jeremy Corbyn on‚Ä¶,92,@nytimes
493,-0.1494,0.113,0.799,0.088,03-08-2018 02:47:03,"RT @NYTNational: Florida lawmakers passed the most significant gun control legislation in decades, on the same day that the Stoneman Dougla‚Ä¶",93,@nytimes
494,0.0,0.0,1.0,0.0,03-07-2018 22:30:10,The ground around San Francisco Bay is sinking to meet the rising sea https://t.co/qcoK9yPMAe,94,@nytimes
495,0.7096,0.0,0.743,0.257,03-07-2018 19:45:05,"Fans of the book and admirers of Ava DuVernay‚Äôs work can breathe a sigh of relief, and some may also find that thei‚Ä¶ https://t.co/79AxAes6aH",95,@nytimes
496,0.0,0.0,1.0,0.0,03-07-2018 16:45:13,"On Queer Eye, @Antoni Porowski imparts lessons in home cooking that often involve ü•ë. Some might say too often. But‚Ä¶ https://t.co/VJpLYh1UZU",96,@nytimes
497,-0.3875,0.141,0.859,0.0,03-07-2018 13:44:01,Donald Trump intentionally never signed a nondisclosure agreement in 2016 so that he could later disavow knowledge‚Ä¶ https://t.co/QfnUpr91w9,97,@nytimes
498,-0.5994,0.187,0.813,0.0,03-07-2018 08:47:02,"RT @nytimesworld: As North Korea opens the door to diplomacy, an assassination leads to new American sanctions https://t.co/5EbNUH1qLJ",98,@nytimes
499,0.0,0.0,1.0,0.0,03-07-2018 04:02:02,"On the 20th anniversary of ‚ÄúThe Big Lebowski,‚Äù here's a list of streamable movies that follow in the footsteps of e‚Ä¶ https://t.co/q75khuckpv",99,@nytimes
